"actor_id","number_of_credits"
"nm1631269",73
"nm3538718",25
"nm3872230",21
"nm4973896",31
"nm0612534",46
"nm2699211",30
"nm3750475",30
"nm10764688",4
"nm11989496",1
"nm11989497",1
"nm5161300",14
"nm10123796",2
"nm3841091",13
"nm3822770",54
"nm1231899",81
"nm10487217",3
"nm5010331",21
"nm12155965",2
"nm11482113",3
"nm11163867",3
"nm8534494",5
"nm9556950",7
"nm12267961",1
"nm0542498",30
"nm1238337",34
"nm10397814",4
"nm12219156",3
"nm3607876",4
"nm9013145",10
"nm0760045",3
"nm0252230",59
"nm0004266",55
"nm12232681",1
"nm0384211",50
"nm4564885",18
"nm0749270",25
"nm4435667",27
"nm5601857",8
"nm4453960",10
"nm12232682",1
"nm1648520",25
"nm0309693",112
"nm0753982",56
"nm0001426",148
"nm0001774",54
"nm3175092",4
"nm5291697",10
"nm8582855",4
"nm1659547",37
"nm0000146",87
"nm4141252",33
"nm1926865",30
"nm12145721",1
"nm0916073",176
"nm10706149",2
"nm0928894",66
"nm5770115",23
"nm4661115",10
"nm0713961",43
"nm0567945",45
"nm0324241",90
"nm2398785",15
"nm8882474",21
"nm7662468",2
"nm0230826",68
"nm10499779",2
"nm1107001",75
"nm5072010",18
"nm0162281",66
"nm2387806",48
"nm0446672",64
"nm10557982",4
"nm6061593",10
"nm2694680",47
"nm2833223",14
"nm3415514",15
"nm11042899",5
"nm0867677",71
"nm4788175",21
"nm1566269",13
"nm7030458",25
"nm1350205",75
"nm9819519",9
"nm10141812",8
"nm0935395",66
"nm0000553",138
"nm1840708",24
"nm0704696",55
"nm10840908",8
"nm9141435",2
"nm8387008",4
"nm1266915",23
"nm0890684",80
"nm3128797",14
"nm0760923",26
"nm1790494",58
"nm0961185",98
"nm0366890",112
"nm3009806",2
"nm4398370",51
"nm1625411",21
"nm9388493",5
"nm5277107",18
"nm5483400",24
"nm0452748",63
"nm0327020",98
"nm0001372",7
"nm3896112",15
"nm2821733",29
"nm3967796",37
"nm1621032",39
"nm0543738",63
"nm8492218",8
"nm11204109",1
"nm5485805",16
"nm8574471",17
"nm10504250",2
"nm12235143",1
"nm12235144",1
"nm1775547",19
"nm1676649",26
"nm1165044",60
"nm3354041",43
"nm0744331",57
"nm6341784",28
"nm1040389",31
"nm0594895",67
"nm3934745",14
"nm0068599",152
"nm0912966",86
"nm1715118",53
"nm3199933",17
"nm0090981",74
"nm8609229",2
"nm2528977",33
"nm0122703",130
"nm1531996",44
"nm3276835",28
"nm6244013",17
"nm7887725",13
"nm0933988",92
"nm0002546",87
"nm9897417",3
"nm10369446",2
"nm6835502",5
"nm10397159",1
"nm4192921",7
"nm0276788",81
"nm5192883",16
"nm0849530",28
"nm8866555",5
"nm6524357",10
"nm9531112",4
"nm8747361",14
"nm0781981",43
"nm6038328",15
"nm8627157",16
"nm0000729",43
"nm0424848",37
"nm0566279",98
"nm0819007",21
"nm5715289",6
"nm0654167",6
"nm4320647",24
"nm8552914",23
"nm2900746",23
"nm9174196",5
"nm1501738",64
"nm1319232",20
"nm2715450",36
"nm1671257",39
"nm6718679",13
"nm0001015",65
"nm0929489",131
"nm0004692",68
"nm0810890",20
"nm0401269",44
"nm0053448",90
"nm0817563",62
"nm0789093",71
"nm0941056",36
"nm0177678",92
"nm0125348",51
"nm0384169",141
"nm0427646",46
"nm0515218",36
"nm0223567",19
"nm0493506",28
"nm0841491",26
"nm0485316",3
"nm2197298",47
"nm0000598",106
"nm0001218",117
"nm0333982",122
"nm0541908",153
"nm0934008",86
"nm0173997",91
"nm3947216",39
"nm0230058",36
"nm7722049",73
"nm1355563",48
"nm9424115",10
"nm7610067",8
"nm1568493",27
"nm5366159",24
"nm6564804",51
"nm9700991",18
"nm4866648",45
"nm5256984",22
"nm4817510",11
"nm0756083",125
"nm2730808",22
"nm4776690",15
"nm1724742",27
"nm0000546",115
"nm4555210",7
"nm5615286",12
"nm0212498",149
"nm9516723",2
"nm6559173",16
"nm4556061",48
"nm1019450",12
"nm0353527",12
"nm0535541",27
"nm0578777",4
"nm1435830",65
"nm0915208",91
"nm10881822",1
"nm0511088",46
"nm12270579",1
"nm10881823",1
"nm10881824",2
"nm0915865",92
"nm12270580",1
"nm12270581",1
"nm12270582",1
"nm12270583",1
"nm12270584",1
"nm12270585",1
"nm12270586",1
"nm12270587",1
"nm12270588",1
"nm12270589",1
"nm0378164",38
"nm0000243",60
"nm1785339",38
"nm0001467",44
"nm0061777",91
"nm0404924",76
"nm0455767",73
"nm2295540",54
"nm9140881",11
"nm0419005",94
"nm0607703",232
"nm1100839",33
"nm0725284",29
"nm2279247",15
"nm0462735",92
"nm0779399",76
"nm2464250",36
"nm5053931",15
"nm6565850",8
"nm8451917",3
"nm6269125",21
"nm7341118",5
"nm6236783",13
"nm0005026",134
"nm0725079",163
"nm8442868",4
"nm0702841",14
"nm1476601",109
"nm0663177",179
"nm5234817",16
"nm2435995",22
"nm3090514",30
"nm10421806",8
"nm12360688",1
"nm12360689",1
"nm5619620",1
"nm3100183",68
"nm0000531",68
"nm0000657",138
"nm9584508",1
"nm11894469",1
"nm11894470",1
"nm11894471",1
"nm11894472",1
"nm11894473",1
"nm11894474",1
"nm11894475",1
"nm11894476",1
"nm11894477",1
"nm11894478",1
"nm9984799",1
"nm11922485",1
"nm11894480",1
"nm10470534",1
"nm11894481",1
"nm0913475",15
"nm3918035",47
"nm0005493",85
"nm1017334",61
"nm5131141",28
"nm10994806",3
"nm0820053",93
"nm0629634",208
"nm12275504",1
"nm0263625",103
"nm0935921",68
"nm1570774",49
"nm1842786",61
"nm1694797",109
"nm2992448",26
"nm10130795",8
"nm2576700",45
"nm0001729",84
"nm4486605",55
"nm0205488",28
"nm0345695",58
"nm0000448",262
"nm0155389",113
"nm2193120",37
"nm9066500",14
"nm11205910",1
"nm0001473",73
"nm9312456",2
"nm1071169",10
"nm12108535",1
"nm12108536",1
"nm10621414",1
"nm10544030",8
"nm4684269",9
"nm0001557",63
"nm4161882",17
"nm10573040",3
"nm0000343",38
"nm0005562",79
"nm0000161",81
"nm5050435",28
"nm7449863",17
"nm5307044",36
"nm1587813",38
"nm0502671",89
"nm0956526",79
"nm0638557",31
"nm1670978",4
"nm5125871",20
"nm6424848",16
"nm5990747",16
"nm4261405",50
"nm8006037",9
"nm0177970",98
"nm1090683",48
"nm8142011",2
"nm4972453",25
"nm1925239",41
"nm1331316",47
"nm1950004",63
"nm4433549",27
"nm5083927",18
"nm3298464",12
"nm7105818",3
"nm4746242",11
"nm3339478",47
"nm1968329",10
"nm5960473",29
"nm0340249",30
"nm6749766",20
"nm2834049",45
"nm5489435",27
"nm1528483",136
"nm9900652",4
"nm1395771",41
"nm1145617",89
"nm2104119",45
"nm1831976",36
"nm10641075",1
"nm3374198",65
"nm1423955",42
"nm0147825",84
"nm3591377",42
"nm0030532",47
"nm12475920",1
"nm12475921",1
"nm10649975",2
"nm5731672",38
"nm4224003",4
"nm9863879",7
"nm0001133",185
"nm5073905",9
"nm0114430",66
"nm9681752",10
"nm1133042",48
"nm7350709",13
"nm3708781",5
"nm5105597",28
"nm1778215",15
"nm2466735",13
"nm9681756",5
"nm9681753",4
"nm6221606",26
"nm9681757",1
"nm4918687",10
"nm4631413",2
"nm9681754",1
"nm3803158",2
"nm3992303",14
"nm5466306",1
"nm0005028",44
"nm1502434",49
"nm4675650",35
"nm0005316",142
"nm0545944",52
"nm10075641",2
"nm1107146",16
"nm0001185",157
"nm2765718",41
"nm0957081",23
"nm0449299",54
"nm2501633",12
"nm0910982",26
"nm2625582",30
"nm2355635",104
"nm0000496",99
"nm0001562",131
"nm1317656",43
"nm2257207",48
"nm3147751",45
"nm0687146",63
"nm6195774",18
"nm5480894",18
"nm4861346",21
"nm2888524",34
"nm2577076",52
"nm9584861",4
"nm0000640",260
"nm3281146",24
"nm7800057",11
"nm7468200",10
"nm6783752",19
"nm0519486",89
"nm7422316",11
"nm7088574",22
"nm5699472",17
"nm2588665",34
"nm12366935",1
"nm12366936",1
"nm12366937",1
"nm12366938",1
"nm12366939",1
"nm10114213",2
"nm0067521",48
"nm12366940",1
"nm12366941",1
"nm12366942",1
"nm0000149",82
"nm0940362",41
"nm1763306",37
"nm1616970",68
"nm2796811",26
"nm1101802",25
"nm1668540",17
"nm0005049",141
"nm0005109",69
"nm0356021",58
"nm5377144",35
"nm0843100",83
"nm0000289",70
"nm0801051",77
"nm1692978",54
"nm0004286",126
"nm4148126",28
"nm3008608",34
"nm3958642",22
"nm1941237",77
"nm1645313",27
"nm2342619",19
"nm2051427",16
"nm1325419",103
"nm1754239",55
"nm1946193",28
"nm0915458",42
"nm9176330",15
"nm0538365",37
"nm0109956",103
"nm0085359",107
"nm1244491",9
"nm1018488",90
"nm3364779",48
"nm3833084",8
"nm0809613",20
"nm0008231",95
"nm4130240",28
"nm8395062",21
"nm0386871",4
"nm3081796",48
"nm3680658",34
"nm10910136",4
"nm10942337",1
"nm0184981",84
"nm8081725",21
"nm2026324",30
"nm1387487",21
"nm0001599",114
"nm0950926",48
"nm10397406",7
"nm0521728",24
"nm2830632",36
"nm0662669",49
"nm7132227",4
"nm10838063",4
"nm2020278",44
"nm9036839",16
"nm7093076",17
"nm3170207",37
"nm0663546",49
"nm8264172",21
"nm5224900",34
"nm4699715",26
"nm3908228",22
"nm6805740",29
"nm0710605",52
"nm0179173",76
"nm0001794",74
"nm3733763",21
"nm0672413",91
"nm8620494",15
"nm12315138",2
"nm0003210",103
"nm5636094",29
"nm6624032",16
"nm2239702",45
"nm3948952",36
"nm3571592",38
"nm10949578",2
"nm2097479",28
"nm11771045",3
"nm2464980",20
"nm9612798",3
"nm11503414",1
"nm4553679",12
"nm0000201",67
"nm2348627",26
"nm0504832",38
"nm0536723",87
"nm0185452",14
"nm1782299",47
"nm4359664",31
"nm0207218",75
"nm5116901",19
"nm11969732",2
"nm0390775",98
"nm0990741",27
"nm0383280",75
"nm0206479",159
"nm1107273",21
"nm0531401",52
"nm1060258",59
"nm7824841",6
"nm0000705",60
"nm0065007",92
"nm3593638",17
"nm0225332",54
"nm1406239",64
"nm9840989",5
"nm0500894",92
"nm11821904",2
"nm1345143",29
"nm11279655",2
"nm12286740",1
"nm1800758",40
"nm0180942",13
"nm0686502",37
"nm10241290",7
"nm7223905",11
"nm12286741",1
"nm12286742",1
"nm0000115",109
"nm6376834",14
"nm0335275",235
"nm0718680",105
"nm1070870",32
"nm10731411",7
"nm9090581",18
"nm8886849",28
"nm7570216",50
"nm6764801",12
"nm1466036",30
"nm0822113",39
"nm2279492",18
"nm5545523",42
"nm7935729",30
"nm2694184",113
"nm0413409",121
"nm2534003",73
"nm1105980",25
"nm6563873",15
"nm8920089",7
"nm7480942",15
"nm0357979",102
"nm5987522",23
"nm1371339",40
"nm0289080",31
"nm8205170",23
"nm12289117",1
"nm2433363",18
"nm8206139",20
"nm10502565",8
"nm8292145",2
"nm12289118",1
"nm0304580",86
"nm12289119",1
"nm11591638",1
"nm0001337",49
"nm0001065",36
"nm5589690",44
"nm3441152",21
"nm0094163",29
"nm7044083",25
"nm0645781",86
"nm12316297",1
"nm10668171",1
"nm7131193",2
"nm3891825",36
"nm3090925",38
"nm0990657",37
"nm3998351",50
"nm2464061",11
"nm12316299",1
"nm4136195",11
"nm3090922",34
"nm0683253",56
"nm0227759",86
"nm2555462",26
"nm0001848",64
"nm0582149",72
"nm0926086",119
"nm0086301",36
"nm0001860",89
"nm0949433",104
"nm3485972",29
"nm2385420",18
"nm0646496",42
"nm0528149",32
"nm1566435",13
"nm2175609",10
"nm10281931",9
"nm3225143",23
"nm4024589",16
"nm10002326",5
"nm0004989",56
"nm9974256",7
"nm2209821",84
"nm3998369",23
"nm0807332",39
"nm1293885",140
"nm0440885",255
"nm0731970",33
"nm0000413",164
"nm2177528",140
"nm7194683",16
"nm1851574",47
"nm3560576",34
"nm1660138",84
"nm5238868",20
"nm4299118",19
"nm6066464",22
"nm0164809",72
"nm0089377",34
"nm4415491",19
"nm2756670",32
"nm3381295",32
"nm1051221",47
"nm9962642",6
"nm1544010",31
"nm0803390",90
"nm5706089",24
"nm1866685",53
"nm5162986",22
"nm6569498",8
"nm0671567",94
"nm1906042",11
"nm12312521",1
"nm12312522",1
"nm6304865",19
"nm3008739",52
"nm7153076",21
"nm3354963",26
"nm1934291",14
"nm0968834",27
"nm0688995",17
"nm4273260",18
"nm0421822",117
"nm2268310",30
"nm2374729",1
"nm3893266",10
"nm0100598",106
"nm7363531",10
"nm5218990",20
"nm1330560",33
"nm0005169",116
"nm0430074",132
"nm5851871",5
"nm1428452",47
"nm0367510",42
"nm5007768",39
"nm1027941",19
"nm9174338",6
"nm0814326",115
"nm0502180",54
"nm6215784",15
"nm1927701",37
"nm0931912",23
"nm0860561",2
"nm0179167",58
"nm4043618",35
"nm2731980",33
"nm2930503",27
"nm5569442",17
"nm0728346",99
"nm5302788",11
"nm6408859",13
"nm2778904",10
"nm4940132",16
"nm2760330",22
"nm4093935",20
"nm9372867",7
"nm5579092",13
"nm7248493",20
"nm6144985",10
"nm0958696",21
"nm0502073",180
"nm3174795",77
"nm0000198",107
"nm2309517",42
"nm1431940",24
"nm0001427",77
"nm0735442",54
"nm1812656",47
"nm6675440",13
"nm0618960",64
"nm0274704",111
"nm3264596",51
"nm0890055",82
"nm0233027",116
"nm0000477",59
"nm1906430",5
"nm0033079",45
"nm1923803",35
"nm4089168",19
"nm2267372",59
"nm8483808",41
"nm3906552",40
"nm0047896",52
"nm0640148",29
"nm3595501",105
"nm0089217",44
"nm3812858",81
"nm2953537",79
"nm7382880",10
"nm4504897",59
"nm8668507",4
"nm8478104",17
"nm0169565",118
"nm0577329",110
"nm0169724",12
"nm4473095",22
"nm9616780",4
"nm11001103",1
"nm11246351",5
"nm3121907",29
"nm8127402",3
"nm5804960",18
"nm5016962",5
"nm5804947",1
"nm10932365",3
"nm5362989",31
"nm11077908",2
"nm6044874",10
"nm8816423",2
"nm4875229",4
"nm9569934",15
"nm6255523",5
"nm2200639",18
"nm2193008",46
"nm5682314",23
"nm11240309",3
"nm4796309",35
"nm0688132",91
"nm0054697",66
"nm0001315",120
"nm6466214",15
"nm5871674",12
"nm0163988",90
"nm10604776",6
"nm8272896",5
"nm0000552",70
"nm0002119",7
"nm0372191",43
"nm1854664",46
"nm0428656",40
"nm0605079",63
"nm8460487",11
"nm0000648",70
"nm0000469",187
"nm0025309",116
"nm3692520",55
"nm0061003",64
"nm7580248",8
"nm11899166",2
"nm0000151",139
"nm11123851",2
"nm4563820",47
"nm0384722",34
"nm0000317",302
"nm0265067",152
"nm0120309",183
"nm0492951",70
"nm0492657",91
"nm0444786",524
"nm0848154",154
"nm2551886",5
"nm1546196",72
"nm8461079",26
"nm0000206",108
"nm0019585",73
"nm0024414",21
"nm11374321",2
"nm2193111",7
"nm4227308",7
"nm4511652",40
"nm2110418",47
"nm9865891",8
"nm0196654",88
"nm0938950",90
"nm2033115",37
"nm0644897",89
"nm8009776",6
"nm0814586",69
"nm0876138",136
"nm11260551",3
"nm1901842",38
"nm8773928",26
"nm0661864",20
"nm0437646",67
"nm7153883",6
"nm5397459",36
"nm0654648",84
"nm1176676",10
"nm7248827",23
"nm3869592",26
"nm0586568",59
"nm2679917",85
"nm0571964",87
"nm1296188",68
"nm7511667",7
"nm0309890",115
"nm0072419",141
"nm0284804",93
"nm0429916",83
"nm0308538",102
"nm1773454",74
"nm0342029",87
"nm0000154",75
"nm0000706",67
"nm0766005",135
"nm1834115",37
"nm2715338",22
"nm2512937",18
"nm0816508",39
"nm7230577",10
"nm10208270",1
"nm7819429",6
"nm1019920",62
"nm0262026",97
"nm1961693",29
"nm2087237",10
"nm2374823",48
"nm10951504",1
"nm1722893",38
"nm3666749",19
"nm11238206",21
"nm0950953",25
"nm2538735",25
"nm0518511",71
"nm0183548",110
"nm9916450",1
"nm2113529",3
"nm10968051",6
"nm9379649",3
"nm12435660",3
"nm6916005",22
"nm3553263",11
"nm12435659",1
"nm7372733",3
"nm0004950",65
"nm1183149",48
"nm4911194",40
"nm8574700",17
"nm9027655",7
"nm1139632",98
"nm0269542",105
"nm3594330",64
"nm4861659",28
"nm8900741",6
"nm6266508",7
"nm4263976",32
"nm1775177",25
"nm5345388",10
"nm7606991",22
"nm1645304",116
"nm8045046",7
"nm1755889",5
"nm0410400",58
"nm5804877",8
"nm1587729",46
"nm10964264",2
"nm11153977",2
"nm1988111",113
"nm0711110",122
"nm3856316",35
"nm3779969",15
"nm1147753",8
"nm1046719",14
"nm4958506",27
"nm2687265",62
"nm7044343",12
"nm11979870",2
"nm0000246",146
"nm2344493",7
"nm1143429",61
"nm3307291",41
"nm0716275",61
"nm0613147",254
"nm2961248",23
"nm2560043",27
"nm7595918",8
"nm1539301",11
"nm4027995",11
"nm6682890",5
"nm11074938",6
"nm3714658",31
"nm9335098",3
"nm3388872",17
"nm1842439",57
"nm4568989",15
"nm3031063",64
"nm1620741",38
"nm2365442",34
"nm7225810",20
"nm6726226",3
"nm0249675",9
"nm0086432",62
"nm4535362",14
"nm4483968",39
"nm5769139",13
"nm2134580",7
"nm12400384",1
"nm2969871",17
"nm7538379",5
"nm0147147",30
"nm0000255",27
"nm2933757",34
"nm0010736",65
"nm3570321",7
"nm0597388",36
"nm3009232",33
"nm0000353",143
"nm0251986",50
"nm0000460",106
"nm0000178",68
"nm0001567",61
"nm0799777",216
"nm0001354",122
"nm4404779",47
"nm1720028",50
"nm0608012",135
"nm2966840",25
"nm1212722",92
"nm0632457",106
"nm3014031",44
"nm1078491",66
"nm10778359",3
"nm9344059",3
"nm11654712",1
"nm0592499",53
"nm0504320",132
"nm0942202",78
"nm0054763",44
"nm0724701",77
"nm9739676",2
"nm2976580",30
"nm0685235",28
"nm3697770",28
"nm1493542",10
"nm8034726",2
"nm0000136",95
"nm0001845",133
"nm0403947",151
"nm0130502",88
"nm0112932",63
"nm0381043",89
"nm0924154",91
"nm0075359",245
"nm3875456",48
"nm0556808",51
"nm1382202",15
"nm0001595",202
"nm1514763",80
"nm5849384",8
"nm0687625",164
"nm0843775",251
"nm7823038",11
"nm0331854",49
"nm2628935",39
"nm0570364",86
"nm0954036",45
"nm1179677",164
"nm10235918",3
"nm0740535",264
"nm1789985",136
"nm4624730",58
"nm0940990",59
"nm2304722",51
"nm0005227",83
"nm2647420",86
"nm0644022",40
"nm0148516",130
"nm0000502",238
"nm0000461",275
"nm0758760",123
"nm0753526",71
"nm0533832",70
"nm1796904",36
"nm2797152",57
"nm11141795",2
"nm5952124",33
"nm8744341",41
"nm3110050",45
"nm0002262",167
"nm4696861",13
"nm5820154",12
"nm1460167",101
"nm2765191",43
"nm0174819",20
"nm1840504",86
"nm3055456",3
"nm12351145",1
"nm4417549",7
"nm1073777",21
"nm0333689",219
"nm0144213",39
"nm4602700",110
"nm0337705",83
"nm0910907",2
"nm1215586",41
"nm0156606",32
"nm2093546",41
"nm1029269",17
"nm12351146",1
"nm0001602",87
"nm1164183",31
"nm0002332",134
"nm8130257",7
"nm0000862",71
"nm0202966",341
"nm10288838",9
"nm7153454",28
"nm8147905",43
"nm0293411",27
"nm4413592",40
"nm0372289",70
"nm1906091",26
"nm2397116",68
"nm11195983",2
"nm11398468",3
"nm10947938",6
"nm9525966",6
"nm0000638",247
"nm0005443",123
"nm0573134",159
"nm0005246",117
"nm3389576",39
"nm3163793",31
"nm0514719",78
"nm0339188",57
"nm0678656",82
"nm0261724",310
"nm0908685",108
"nm1570753",169
"nm0003003",108
"nm0557567",44
"nm1227396",19
"nm8955098",6
"nm0002907",66
"nm5611121",18
"nm0356017",45
"nm3109964",40
"nm1040419",126
"nm5421877",12
"nm0714698",104
"nm0151419",53
"nm10544447",2
"nm0434444",123
"nm0685328",65
"nm1663252",43
"nm9176519",12
"nm1070820",69
"nm4430268",27
"nm0252961",101
"nm5160895",16
"nm0005501",117
"nm7851611",14
"nm11897130",1
"nm12390152",1
"nm0541218",121
"nm2720892",17
"nm10221549",6
"nm8886259",4
"nm9467506",2
"nm2394568",34
"nm0567370",38
"nm5700531",34
"nm12777977",1
"nm11863387",1
"nm12777978",1
"nm12777979",1
"nm0604742",75
"nm8408599",13
"nm0006669",178
"nm0000144",134
"nm0604430",77
"nm0928560",60
"nm10894712",6
"nm0010837",62
"nm3770854",8
"nm1244312",16
"nm5775847",7
"nm5775407",4
"nm4041329",7
"nm11962630",4
"nm3284251",5
"nm12605235",1
"nm2796779",10
"nm1157358",53
"nm3510471",33
"nm2086223",17
"nm3014840",41
"nm0437032",200
"nm0301925",130
"nm10722411",10
"nm0004028",137
"nm8612288",22
"nm8808420",26
"nm0517528",40
"nm9071664",5
"nm6404407",4
"nm1311987",27
"nm6579346",49
"nm1173158",258
"nm6976735",17
"nm1876851",28
"nm0237164",54
"nm1094137",19
"nm0068224",13
"nm0307083",27
"nm0794912",20
"nm0388931",79
"nm0116054",63
"nm12654339",1
"nm1872698",44
"nm0416932",87
"nm9631230",2
"nm12654340",1
"nm0644418",61
"nm0993128",10
"nm8410274",4
"nm0000227",105
"nm8874655",9
"nm0001757",148
"nm0001075",158
"nm0420792",44
"nm8268181",18
"nm7299162",10
"nm7462382",12
"nm3230976",2
"nm4339359",5
"nm0589700",36
"nm2824908",7
"nm8786518",4
"nm5822945",21
"nm0385849",12
"nm8694131",12
"nm8760453",5
"nm0331516",49
"nm0001619",29
"nm1092222",34
"nm0226813",88
"nm0252196",37
"nm0307534",71
"nm0000708",178
"nm0000622",63
"nm1088476",2
"nm0508904",12
"nm1092211",2
"nm1092064",4
"nm1092471",6
"nm0349749",132
"nm0325552",24
"nm0587043",13
"nm0634121",20
"nm0367176",42
"nm8401152",26
"nm3784503",20
"nm8539879",21
"nm5045263",8
"nm1276606",94
"nm0605092",20
"nm5669843",14
"nm4828989",27
"nm4567386",30
"nm0268199",64
"nm4446467",28
"nm6001320",11
"nm9165599",6
"nm5994098",12
"nm3652842",10
"nm9196203",5
"nm5462166",13
"nm8850556",14
"nm9134234",4
"nm0333318",112
"nm6981796",6
"nm1227481",55
"nm12448057",1
"nm12175205",2
"nm12448058",1
"nm0565250",61
"nm0818055",140
"nm0000867",93
"nm0134072",116
"nm2962353",43
"nm0502425",142
"nm5604561",16
"nm0523219",61
"nm0690754",54
"nm1229520",54
"nm5508206",28
"nm4651827",47
"nm0832688",26
"nm0242656",132
"nm4006038",33
"nm8296768",5
"nm1133719",18
"nm5330086",11
"nm3690801",3
"nm3112957",4
"nm0048389",642
"nm0001633",107
"nm0851317",848
"nm5251758",5
"nm9221238",9
"nm1082823",287
"nm4110033",40
"nm0482851",502
"nm4008536",88
"nm0177639",124
"nm0281359",101
"nm7989041",20
"nm0483254",5
"nm5580581",17
"nm0355024",159
"nm0353247",34
"nm1659221",50
"nm1740112",60
"nm0701566",60
"nm4625680",16
"nm0176141",28
"nm6701170",12
"nm3764981",21
"nm1253546",11
"nm0609999",64
"nm1752232",16
"nm2626820",33
"nm0435703",37
"nm1300701",52
"nm4274769",3
"nm1742926",21
"nm5299903",12
"nm2154915",27
"nm0465422",28
"nm2181128",48
"nm0790501",75
"nm4842197",22
"nm3227473",44
"nm0597853",49
"nm0447695",62
"nm0001057",88
"nm2169208",1
"nm5464566",2
"nm1167985",33
"nm2537621",20
"nm0493257",57
"nm3029144",13
"nm1419635",32
"nm11175200",1
"nm3049546",22
"nm0038355",115
"nm0760796",113
"nm1977856",27
"nm3485108",23
"nm4089208",14
"nm10013068",4
"nm10628313",6
"nm0428923",25
"nm4260641",18
"nm11001757",8
"nm4818220",40
"nm3434305",37
"nm1144419",12
"nm0748973",106
"nm5106831",2
"nm1469236",116
"nm0035488",4
"nm3080722",69
"nm4178979",6
"nm1775466",32
"nm3386916",18
"nm0005277",24
"nm8879034",6
"nm3596979",18
"nm2511956",4
"nm6421259",26
"nm12518685",1
"nm3199307",25
"nm0005258",91
"nm0885014",10
"nm0521507",16
"nm7826465",37
"nm0584575",86
"nm3969329",56
"nm0760196",38
"nm0759363",48
"nm2364777",121
"nm2384517",23
"nm9263700",15
"nm1969889",27
"nm4754558",19
"nm6087035",24
"nm9040593",13
"nm1846291",26
"nm1159180",80
"nm0001034",134
"nm0789171",77
"nm1005758",53
"nm0004887",125
"nm5946859",12
"nm7088580",8
"nm2797756",32
"nm2395944",46
"nm2369038",29
"nm6847304",10
"nm1063262",83
"nm3918838",30
"nm0239294",138
"nm2790595",23
"nm2251731",48
"nm2860379",40
"nm0092961",39
"nm3793647",85
"nm0004963",71
"nm3633426",15
"nm7401653",18
"nm0646351",57
"nm7533568",26
"nm6119643",27
"nm2145334",16
"nm0050594",42
"nm0050612",43
"nm2641841",42
"nm2011738",97
"nm4744538",14
"nm3706958",31
"nm0478834",38
"nm0583951",291
"nm1053380",73
"nm1133275",59
"nm0213339",102
"nm0182661",173
"nm0549526",43
"nm0615773",23
"nm6861370",7
"nm11247562",1
"nm7552380",7
"nm8971170",24
"nm0533023",50
"nm0722290",42
"nm4297235",4
"nm4712668",6
"nm0137428",33
"nm1957881",44
"nm1086543",61
"nm3584268",42
"nm3034501",21
"nm2614237",23
"nm6877106",5
"nm0537426",15
"nm0341562",40
"nm1189488",16
"nm2292288",5
"nm2055501",45
"nm5309076",10
"nm0807767",96
"nm0197352",19
"nm0000261",65
"nm5375420",21
"nm0000719",129
"nm5255860",2
"nm0849677",21
"nm0430107",55
"nm3853652",26
"nm0068260",36
"nm1988575",27
"nm0778501",26
"nm2642892",27
"nm4477836",31
"nm0751301",74
"nm1544217",48
"nm1446779",15
"nm6054463",30
"nm1443368",111
"nm2765435",21
"nm0231458",52
"nm5893797",27
"nm11303176",3
"nm0609845",55
"nm0180411",44
"nm0000164",144
"nm0001556",100
"nm0550371",141
"nm0104114",84
"nm1401531",61
"nm5012884",21
"nm2572795",50
"nm4402419",13
"nm3640886",44
"nm0180961",353
"nm4133767",4
"nm12532013",1
"nm12532014",1
"nm3768762",26
"nm0303013",66
"nm0000335",91
"nm1872697",64
"nm0863473",54
"nm0479801",119
"nm0216991",1
"nm8871798",7
"nm6564591",17
"nm2093400",54
"nm7459984",18
"nm1377409",40
"nm6890443",12
"nm1478537",47
"nm0511349",67
"nm7404133",8
"nm1670029",37
"nm0336701",40
"nm0004051",235
"nm2471944",43
"nm0702945",24
"nm0673563",87
"nm2803528",28
"nm3455280",10
"nm4442288",29
"nm12722853",1
"nm5447178",49
"nm1724274",6
"nm9922318",1
"nm8911148",20
"nm2625849",8
"nm0694212",48
"nm4944824",15
"nm7341728",16
"nm4266732",37
"nm8948296",6
"nm0792156",77
"nm3012085",3
"nm7044125",12
"nm6914133",2
"nm6914134",2
"nm0120284",19
"nm2074834",2
"nm1393401",12
"nm11634004",1
"nm8660853",7
"nm4372447",5
"nm3245293",5
"nm1864017",225
"nm4772631",13
"nm0005458",55
"nm0564697",84
"nm0001326",54
"nm6875258",21
"nm0232998",55
"nm2207222",35
"nm0000412",107
"nm0649046",47
"nm0022306",66
"nm2687517",35
"nm4862056",30
"nm1752532",26
"nm8080745",8
"nm0036553",143
"nm1528648",15
"nm0273159",51
"nm0000234",22
"nm0000207",89
"nm0001136",192
"nm0855564",124
"nm0179960",50
"nm0898546",106
"nm0820660",107
"nm0531333",143
"nm0934113",80
"nm0085952",81
"nm0912154",77
"nm1035580",30
"nm0723365",162
"nm1156227",7
"nm1523591",7
"nm1317046",9
"nm1524104",4
"nm0683113",4
"nm0645785",98
"nm5869658",11
"nm1751175",45
"nm0656275",55
"nm0950620",169
"nm0837581",51
"nm0420926",81
"nm2065605",7
"nm3336353",53
"nm0950619",54
"nm5302031",46
"nm4797000",42
"nm0530882",139
"nm5911757",15
"nm4606871",23
"nm9084325",10
"nm1847476",19
"nm9087863",12
"nm1940449",35
"nm1638321",18
"nm1822659",36
"nm4996082",2
"nm0209232",7
"nm3661469",2
"nm0131974",151
"nm0068382",143
"nm5256798",2
"nm8953739",16
"nm0506461",35
"nm7549699",24
"nm1949881",5
"nm0005403",78
"nm0925544",101
"nm2802819",10
"nm4088426",22
"nm6217576",14
"nm6403233",16
"nm6807858",18
"nm0206257",127
"nm0004742",67
"nm0000547",218
"nm1036135",12
"nm0740360",90
"nm0654649",30
"nm0924277",72
"nm0486822",14
"nm6740551",8
"nm3184418",9
"nm12560761",1
"nm10928585",1
"nm12428724",1
"nm7842735",13
"nm9259758",21
"nm0000345",71
"nm2287661",4
"nm2081677",16
"nm2770900",18
"nm5286933",19
"nm5464412",7
"nm1581522",35
"nm5138546",44
"nm6059190",20
"nm0012183",59
"nm8300051",8
"nm3492747",13
"nm5604929",5
"nm9163048",6
"nm4663721",41
"nm1787532",52
"nm3969728",12
"nm3592338",25
"nm1658935",47
"nm2998321",33
"nm0424216",15
"nm3332884",23
"nm0000301",54
"nm3194762",31
"nm0291368",14
"nm0589077",47
"nm0611889",266
"nm6239256",13
"nm6845927",17
"nm4629997",1
"nm7772456",5
"nm4404805",11
"nm11433158",1
"nm2282254",90
"nm0513598",63
"nm0035230",17
"nm3531655",38
"nm0141308",51
"nm1605103",14
"nm8658055",1
"nm0005046",43
"nm6892887",7
"nm5165775",1
"nm0565858",79
"nm2802157",22
"nm11060399",1
"nm1589316",31
"nm0095106",16
"nm1911022",11
"nm2604856",4
"nm10472352",3
"nm0462712",204
"nm6682916",4
"nm4467170",13
"nm10793534",1
"nm3893768",28
"nm2451482",12
"nm5574525",7
"nm4125431",10
"nm4090020",73
"nm7377997",7
"nm10793535",1
"nm2758463",12
"nm5608320",10
"nm7039988",2
"nm10793536",1
"nm0491259",50
"nm0023832",129
"nm0956026",63
"nm3529097",20
"nm1708018",47
"nm7808071",2
"nm0755781",44
"nm10921517",4
"nm5795513",3
"nm0314479",32
"nm12392797",1
"nm1176985",87
"nm3480246",24
"nm0478886",57
"nm0777788",77
"nm2482391",28
"nm4806622",31
"nm3287954",19
"nm0149150",72
"nm1746980",48
"nm2788802",23
"nm3803706",30
"nm3758697",33
"nm0001401",62
"nm0396558",57
"nm7567974",11
"nm1256532",70
"nm0318821",90
"nm0916617",72
"nm3126325",12
"nm1347153",60
"nm0816105",56
"nm0457796",43
"nm2028579",38
"nm1254942",68
"nm5448059",30
"nm3479972",35
"nm0631146",50
"nm10350710",3
"nm6262661",7
"nm9538520",19
"nm0000194",106
"nm0000492",104
"nm0751518",29
"nm2365404",18
"nm10262383",4
"nm10327938",15
"nm6758390",11
"nm12565074",1
"nm1120614",21
"nm1900805",12
"nm9991122",8
"nm12329683",5
"nm3273185",12
"nm0001674",22
"nm0000168",199
"nm1540404",30
"nm0629653",56
"nm0678107",105
"nm0954999",70
"nm0573164",20
"nm7241877",22
"nm1235776",46
"nm12569424",1
"nm0172220",71
"nm1141621",61
"nm1345890",51
"nm0593776",95
"nm3493412",1
"nm1079329",12
"nm0131803",99
"nm0315269",18
"nm0910607",124
"nm0000603",149
"nm0000906",50
"nm3659660",24
"nm0213671",82
"nm0504683",114
"nm0080288",50
"nm2364638",11
"nm4596902",22
"nm0998489",61
"nm0792199",25
"nm0494784",212
"nm8470535",4
"nm3562841",27
"nm0224391",96
"nm0552709",30
"nm0255330",73
"nm4504376",37
"nm7533016",7
"nm5288835",27
"nm0000920",116
"nm8090765",9
"nm0387432",109
"nm0068201",32
"nm5364078",7
"nm0779866",87
"nm0572999",21
"nm6633987",3
"nm0640949",34
"nm0730069",27
"nm0639110",28
"nm3467013",35
"nm0568463",22
"nm3220515",31
"nm0186728",70
"nm4209180",21
"nm2421211",55
"nm7337169",13
"nm5377419",2
"nm6688922",2
"nm6688923",3
"nm5592956",2
"nm0924172",34
"nm5476009",18
"nm13261911",1
"nm13261912",1
"nm2451967",20
"nm0514704",39
"nm0000616",653
"nm8425817",15
"nm3034146",12
"nm0731067",12
"nm2519563",33
"nm8738105",12
"nm8815697",4
"nm0826648",17
"nm0780116",80
"nm12582884",2
"nm12582885",1
"nm12582886",1
"nm9962871",4
"nm10228589",22
"nm0213648",90
"nm8840741",2
"nm7233172",2
"nm0853583",82
"nm0202804",109
"nm0056271",78
"nm0507073",47
"nm0425490",109
"nm0722560",55
"nm1553376",21
"nm4316082",9
"nm0680795",126
"nm12638618",1
"nm0640722",71
"nm2362716",32
"nm0098414",70
"nm6946516",11
"nm0990210",22
"nm4096064",26
"nm3406805",4
"nm2062698",13
"nm6641674",12
"nm2030779",45
"nm12592508",1
"nm10267408",3
"nm12592509",1
"nm4058898",34
"nm2334870",16
"nm5413700",2
"nm0005519",78
"nm9374902",16
"nm8019297",6
"nm9089295",4
"nm7084934",17
"nm1157209",30
"nm8895255",6
"nm12246809",1
"nm8238185",4
"nm1289434",50
"nm8075925",7
"nm0614165",59
"nm1024677",51
"nm7415871",23
"nm0005023",63
"nm3916460",29
"nm1058940",86
"nm10676334",4
"nm2151806",40
"nm9741130",2
"nm11555404",2
"nm9965865",7
"nm12571467",1
"nm8399011",6
"nm10032602",3
"nm1788122",18
"nm11240220",2
"nm1297015",53
"nm0000668",94
"nm3236159",46
"nm2312391",15
"nm0835016",114
"nm1315378",76
"nm5857152",61
"nm11070112",5
"nm4942550",20
"nm4963600",28
"nm9245821",2
"nm0063311",49
"nm6554076",20
"nm1095324",58
"nm2915509",31
"nm8872000",5
"nm3483537",19
"nm4413892",21
"nm3303074",34
"nm2049306",23
"nm0889846",130
"nm9684601",8
"nm4026778",32
"nm0237222",113
"nm0666198",71
"nm3878725",30
"nm0151540",60
"nm6262342",23
"nm4153468",32
"nm2915053",26
"nm2063694",70
"nm1092425",2
"nm10294352",5
"nm10250718",2
"nm10576045",1
"nm10665403",1
"nm11935533",2
"nm10576046",1
"nm5097044",31
"nm6343162",24
"nm5085683",61
"nm0324658",96
"nm0105672",64
"nm0350453",63
"nm8598537",15
"nm0366356",31
"nm5336620",1
"nm0033977",183
"nm2179270",20
"nm0599639",80
"nm0854702",144
"nm0930637",234
"nm1764275",16
"nm0373036",398
"nm0933940",56
"nm0267812",63
"nm4754741",15
"nm7511512",12
"nm6623135",8
"nm0633604",72
"nm3651929",49
"nm1237235",119
"nm1080768",52
"nm2079627",73
"nm2445328",24
"nm5573198",23
"nm2214493",53
"nm3606106",19
"nm1343810",17
"nm1006439",93
"nm0720082",63
"nm3729721",27
"nm0120905",53
"nm10169699",1
"nm0115760",72
"nm10151580",8
"nm2140860",33
"nm4144613",4
"nm0560045",53
"nm0690803",84
"nm9551344",13
"nm1710309",33
"nm6892839",3
"nm0292021",87
"nm0012586",194
"nm4145157",38
"nm0075026",69
"nm5490799",9
"nm0348962",27
"nm5048075",26
"nm7838650",12
"nm8994274",9
"nm9103118",11
"nm0346595",226
"nm0000401",130
"nm2804002",46
"nm3095411",15
"nm1261984",21
"nm9800038",3
"nm2584305",43
"nm3161623",6
"nm0301883",22
"nm0870204",37
"nm0004920",153
"nm3330483",24
"nm0000446",64
"nm0001763",64
"nm0836964",32
"nm0569552",52
"nm0494887",63
"nm1042946",160
"nm8770194",16
"nm7636432",12
"nm0553855",26
"nm1727889",24
"nm0160541",65
"nm3108527",20
"nm5403494",9
"nm3459986",9
"nm1752221",60
"nm7567556",14
"nm4789062",24
"nm3645691",19
"nm0004743",114
"nm0001608",57
"nm1701089",16
"nm3073428",29
"nm0396623",49
"nm0339991",81
"nm1222461",64
"nm1592061",94
"nm6588867",26
"nm6051155",9
"nm4574440",19
"nm0580646",86
"nm0001751",60
"nm7820636",9
"nm0748189",49
"nm3715867",55
"nm4745601",21
"nm3475180",2
"nm0592135",38
"nm0351202",52
"nm0004711",39
"nm0656300",25
"nm9869003",7
"nm12405733",1
"nm10773795",8
"nm0000242",41
"nm5824400",16
"nm1727621",95
"nm0429363",133
"nm1778512",52
"nm4419317",11
"nm3664502",35
"nm3433735",33
"nm4940278",28
"nm5363417",15
"nm1763169",14
"nm2855554",29
"nm6480258",10
"nm2516193",33
"nm5382150",17
"nm0126284",76
"nm1727304",51
"nm0179479",14
"nm0600461",33
"nm3053338",40
"nm4456120",25
"nm3375638",8
"nm0416694",79
"nm2017943",53
"nm0380632",113
"nm0214661",144
"nm2397981",61
"nm0000554",147
"nm1191900",57
"nm0920992",93
"nm2189447",10
"nm0897637",19
"nm2090422",40
"nm0496899",80
"nm6812060",16
"nm0158626",114
"nm4497202",37
"nm0498449",78
"nm0599019",184
"nm4456672",19
"nm1934618",44
"nm1683094",42
"nm4136296",47
"nm6373728",14
"nm0146681",131
"nm0875025",20
"nm1743204",21
"nm2194956",42
"nm4320548",16
"nm0000112",106
"nm0000619",109
"nm0134244",37
"nm7545947",9
"nm1512166",67
"nm5795508",19
"nm4319803",22
"nm10093207",7
"nm0180683",2
"nm0377485",13
"nm5827110",20
"nm0579460",104
"nm5425366",15
"nm9048528",11
"nm7395518",17
"nm12668155",1
"nm7397706",16
"nm12668156",2
"nm0005561",86
"nm0005416",51
"nm0001431",128
"nm2397206",24
"nm10155406",3
"nm5015107",11
"nm0566213",5
"nm0908769",67
"nm0001852",131
"nm0683978",113
"nm11076924",2
"nm11076923",2
"nm11001465",1
"nm11066680",1
"nm1247387",12
"nm11022593",1
"nm0258402",85
"nm1139343",43
"nm1328793",22
"nm1748489",36
"nm2620667",55
"nm5228245",15
"nm0877928",42
"nm2942519",5
"nm4392718",88
"nm0085837",50
"nm0001803",419
"nm0654139",25
"nm7642239",6
"nm0004879",256
"nm4003791",8
"nm1296890",14
"nm1500636",14
"nm10246005",6
"nm0000995",162
"nm0004852",66
"nm0222643",168
"nm0000268",86
"nm0001001",137
"nm0544568",95
"nm0829390",116
"nm5891788",27
"nm2216602",19
"nm0593310",55
"nm3850079",21
"nm0611127",232
"nm0023969",20
"nm0301381",133
"nm2359829",33
"nm0910598",57
"nm0242294",38
"nm0000274",23
"nm0001474",219
"nm4277427",17
"nm0064187",83
"nm4691583",34
"nm4616554",13
"nm1100015",24
"nm3617274",27
"nm1557577",24
"nm2182568",24
"nm0307253",79
"nm5632743",17
"nm7527301",9
"nm3419221",29
"nm0868670",35
"nm3327892",2
"nm8256842",13
"nm0005351",117
"nm0000104",115
"nm0991334",29
"nm3438661",9
"nm0296410",92
"nm3794060",27
"nm0330853",88
"nm0322510",123
"nm0040038",71
"nm0431195",44
"nm9175179",2
"nm1340370",85
"nm1242406",137
"nm0028487",196
"nm1888580",32
"nm5016878",38
"nm11735922",4
"nm7184459",6
"nm0057349",8
"nm0300712",115
"nm0812307",16
"nm7445017",1
"nm0557457",26
"nm0478731",60
"nm0553036",140
"nm5521198",25
"nm0672330",88
"nm0562775",30
"nm0056187",43
"nm0266908",19
"nm0629618",86
"nm0366389",48
"nm0005569",129
"nm1986622",40
"nm10699789",5
"nm0001663",55
"nm2810593",20
"nm3831822",26
"nm0265670",132
"nm1801099",18
"nm0291217",98
"nm0169351",138
"nm10308777",7
"nm0143456",86
"nm0206635",25
"nm3806273",15
"nm0004265",41
"nm5627640",21
"nm2057036",61
"nm0000174",105
"nm0000191",95
"nm0001209",93
"nm0000966",62
"nm2087739",26
"nm0665114",183
"nm3458761",19
"nm1667364",40
"nm1910274",50
"nm0046112",34
"nm1065281",37
"nm0729413",4
"nm0350079",157
"nm0388038",77
"nm0000008",48
"nm0001549",163
"nm0519456",62
"nm0000155",194
"nm0001995",60
"nm0532461",91
"nm0005131",73
"nm0310989",19
"nm0729234",20
"nm0002065",1
"nm0544448",54
"nm2073694",18
"nm0330183",2
"nm0261555",21
"nm0535391",44
"nm0535392",39
"nm0065059",67
"nm0005553",55
"nm5068168",2
"nm1914178",61
"nm12290005",1
"nm0899593",23
"nm0000196",58
"nm0002380",19
"nm0946148",186
"nm0936116",1
"nm0005353",53
"nm0429289",19
"nm0852616",65
"nm0750221",13
"nm1433588",45
"nm0704270",74
"nm0004647",86
"nm0000009",79
"nm0001986",38
"nm0147118",36
"nm0296484",47
"nm0000030",34
"nm0000031",53
"nm0001375",139
"nm0412322",57
"nm0000046",21
"nm0536167",52
"nm0001500",71
"nm0000056",84
"nm0000577",59
"nm0000072",79
"nm0293981",65
"nm0435289",55
"nm0813463",42
"nm0342458",132
"nm0009125",1
"nm0433012",5
"nm0467467",1
"nm0719350",1
"nm0945073",57
"nm0952519",83
"nm0790057",92
"nm2596460",33
"nm2096500",28
"nm10727035",17
"nm0920185",65
"nm2992653",15
"nm9653924",4
"nm0428484",58
"nm12082614",1
"nm12082615",1
"nm2954620",7
"nm5844725",2
"nm3718505",2
"nm11367732",2
"nm10861276",4
"nm4946616",14
"nm6832822",29
"nm9221462",1
"nm12082628",1
"nm5617665",61
"nm12082631",1
"nm12082632",3
"nm11559453",2
"nm2955597",18
"nm4364448",16
"nm2166469",42
"nm3713920",59
"nm2043351",28
"nm4590703",16
"nm1531997",41
"nm1218621",91
"nm9567455",1
"nm0158632",108
"nm8607936",16
"nm4296100",8
"nm3066532",63
"nm2352566",30
"nm10565432",3
"nm1578046",2
"nm2948589",99
"nm1074478",67
"nm0004874",31
"nm0108287",39
"nm0879085",58
"nm0524839",89
"nm2812026",28
"nm1078479",63
"nm6806440",9
"nm3660091",6
"nm0000545",142
"nm0000621",102
"nm0085407",26
"nm0510168",133
"nm3697676",19
"nm1885797",21
"nm0859197",16
"nm1690270",31
"nm0907548",26
"nm2936232",25
"nm0566783",115
"nm0758413",36
"nm0115436",30
"nm4463792",60
"nm1416919",41
"nm3246893",29
"nm0261413",104
"nm0534202",32
"nm2716722",24
"nm12667942",1
"nm2497076",25
"nm3931538",67
"nm2168927",66
"nm4097479",92
"nm1901220",67
"nm1985974",62
"nm0193160",127
"nm0245145",110
"nm2957490",60
"nm3020280",42
"nm2091145",62
"nm1143861",129
"nm0281909",54
"nm1422146",124
"nm7349604",12
"nm12696251",1
"nm4477261",33
"nm0857620",64
"nm0001543",57
"nm2718712",29
"nm6012784",7
"nm3209677",31
"nm2933477",12
"nm3046705",63
"nm10360083",4
"nm3346252",12
"nm0124208",42
"nm0267432",21
"nm1372572",60
"nm1052657",26
"nm9291478",4
"nm6894232",7
"nm0000172",163
"nm0941777",62
"nm1310368",45
"nm0004895",85
"nm1595523",26
"nm3584477",31
"nm1455681",36
"nm0574460",41
"nm3117320",21
"nm0017541",47
"nm0385835",47
"nm5580827",39
"nm0316310",56
"nm6021414",8
"nm5629115",8
"nm3416107",11
"nm5638007",23
"nm8188450",4
"nm3028204",27
"nm12103560",4
"nm13078299",1
"nm13078300",1
"nm2553774",19
"nm13078465",1
"nm13078466",1
"nm1593379",74
"nm5252090",22
"nm10589436",6
"nm4089169",50
"nm4845909",43
"nm0190502",36
"nm13078467",1
"nm8558156",3
"nm13078468",1
"nm0004763",83
"nm0004835",51
"nm0004992",11
"nm0378245",72
"nm1006024",66
"nm0005112",72
"nm0621576",54
"nm0913822",78
"nm0955471",41
"nm0925966",129
"nm1020089",61
"nm0001097",157
"nm3042755",81
"nm1490300",69
"nm6578009",17
"nm6018082",22
"nm1401022",28
"nm0001634",142
"nm1670129",43
"nm0859238",148
"nm3331401",22
"nm3707003",36
"nm2487152",14
"nm7212035",27
"nm3240438",24
"nm5800710",7
"nm1655587",61
"nm2381613",32
"nm8279144",8
"nm0428657",23
"nm3429163",15
"nm3236826",12
"nm3689104",3
"nm12056951",1
"nm1475594",63
"nm1601397",54
"nm0339460",154
"nm0287182",114
"nm0874232",113
"nm1966128",23
"nm0670408",108
"nm1676221",97
"nm0016141",383
"nm3439363",8
"nm1709264",18
"nm1291806",3
"nm3919648",1
"nm1424902",7
"nm1389513",6
"nm4746509",4
"nm2142336",38
"nm1002609",54
"nm6359527",11
"nm4218556",27
"nm3034358",54
"nm11623586",1
"nm4207146",25
"nm8352392",7
"nm12699896",1
"nm6320094",22
"nm2551500",81
"nm10494298",8
"nm8767048",2
"nm12699897",1
"nm3432218",16
"nm12699898",2
"nm0000332",102
"nm0001125",66
"nm1092086",65
"nm0358316",111
"nm0196185",71
"nm0000409",77
"nm0001085",34
"nm1541272",78
"nm12604367",1
"nm12624405",1
"nm3873073",7
"nm6077675",8
"nm1951390",52
"nm2415204",12
"nm12722024",1
"nm2693336",13
"nm0695435",66
"nm2088803",39
"nm2365811",41
"nm8567129",7
"nm0388064",76
"nm8740834",19
"nm5469428",24
"nm0707476",120
"nm2081175",16
"nm7725286",5
"nm6951875",36
"nm2107704",50
"nm2437267",24
"nm7852347",25
"nm9858049",3
"nm1296223",93
"nm0000285",144
"nm0005188",79
"nm0781238",117
"nm0000156",139
"nm4642699",12
"nm0453994",59
"nm0001435",88
"nm6004682",21
"nm6744017",11
"nm1659741",7
"nm12725945",1
"nm1121631",13
"nm1019583",28
"nm8500309",6
"nm8093015",4
"nm7875278",10
"nm2204178",68
"nm0524197",83
"nm1628079",45
"nm2336905",34
"nm2338470",34
"nm4311291",28
"nm0745353",46
"nm0565647",89
"nm3603702",41
"nm0953340",25
"nm4058955",33
"nm2784402",92
"nm3923847",76
"nm7178445",9
"nm1460843",40
"nm7631075",10
"nm2854112",37
"nm7326511",11
"nm4652001",20
"nm10200499",5
"nm3664430",28
"nm6719869",47
"nm2842232",30
"nm2998299",25
"nm5486335",22
"nm10902550",3
"nm2832703",19
"nm4535029",18
"nm3041058",8
"nm12755863",1
"nm12755861",1
"nm12710321",2
"nm0064207",2
"nm0789314",13
"nm5444897",2
"nm2399773",5
"nm0498570",7
"nm12755865",1
"nm0876317",9
"nm4587430",3
"nm0204105",13
"nm0566345",23
"nm12730746",1
"nm0851135",1
"nm0403095",1
"nm0413666",4
"nm0460912",46
"nm1083271",43
"nm2151126",42
"nm1543989",46
"nm11389565",4
"nm12727555",1
"nm9594270",18
"nm4443620",8
"nm4825590",20
"nm6731555",14
"nm2141223",2
"nm0068551",126
"nm9642493",12
"nm5566180",17
"nm4676512",26
"nm8540882",19
"nm0473141",18
"nm0308651",78
"nm0955991",64
"nm0002096",103
"nm3580168",8
"nm9716268",10
"nm8151675",7
"nm6358192",17
"nm0372396",77
"nm0424060",75
"nm6073955",25
"nm0001838",60
"nm0935653",139
"nm8349839",4
"nm1282966",52
"nm0000458",106
"nm1385871",54
"nm9384191",5
"nm1685477",53
"nm4447854",39
"nm0806905",76
"nm2116753",30
"nm4717792",15
"nm11004715",5
"nm5584750",15
"nm6185683",26
"nm1364532",40
"nm8450134",10
"nm12699510",3
"nm1843026",97
"nm4800462",13
"nm5988570",22
"nm7711411",11
"nm5119729",22
"nm4360792",21
"nm5902264",28
"nm7776965",13
"nm0208426",63
"nm3495920",23
"nm0527852",64
"nm0174082",53
"nm5175069",7
"nm3148447",24
"nm1309397",56
"nm3270435",36
"nm3939436",34
"nm5386432",10
"nm2138423",22
"nm0687913",31
"nm5232400",10
"nm3741323",6
"nm1397289",62
"nm3277348",90
"nm4996918",2
"nm1112145",20
"nm2394794",68
"nm0372176",92
"nm0001303",102
"nm1080764",37
"nm8463347",9
"nm0316079",114
"nm0408591",136
"nm1835523",25
"nm2418053",66
"nm0000291",103
"nm1556238",44
"nm6153649",40
"nm0806968",106
"nm7858011",19
"nm6794853",12
"nm0443321",56
"nm1429908",49
"nm9347978",8
"nm2792296",27
"nm8023946",6
"nm12374417",1
"nm2837872",40
"nm11090489",2
"nm8786575",21
"nm0365445",61
"nm12693511",1
"nm5566377",6
"nm4992797",3
"nm5417607",2
"nm6438048",3
"nm6682215",3
"nm6506928",2
"nm5347988",21
"nm2383250",48
"nm2832695",37
"nm5710414",28
"nm1555699",32
"nm8360867",12
"nm8367803",27
"nm8249698",11
"nm1034066",40
"nm1347017",24
"nm4243438",5
"nm1337350",43
"nm0479527",102
"nm6516135",24
"nm0905691",46
"nm2265157",42
"nm0289656",96
"nm4150108",10
"nm2758061",35
"nm4445676",28
"nm0819079",52
"nm6892410",23
"nm1546300",39
"nm1275259",61
"nm0154226",49
"nm0019860",37
"nm0001082",53
"nm0004825",85
"nm1379938",37
"nm1997152",41
"nm0707816",105
"nm0634409",87
"nm0400949",66
"nm7094604",14
"nm5182450",26
"nm0854900",170
"nm1566181",42
"nm6970024",38
"nm5624753",25
"nm12755492",1
"nm1842974",36
"nm0035060",120
"nm10208010",2
"nm4280796",13
"nm3577929",18
"nm5171772",3
"nm3456797",70
"nm0789479",70
"nm0179151",73
"nm2516105",38
"nm3240484",25
"nm1038931",11
"nm4179125",11
"nm11077746",1
"nm5135892",5
"nm0460671",48
"nm0589639",29
"nm0454809",61
"nm2742160",16
"nm4609675",14
"nm2072006",11
"nm1476806",41
"nm3165541",23
"nm1230733",31
"nm5659639",17
"nm12762399",1
"nm7959509",3
"nm3707413",4
"nm5630449",40
"nm1113529",11
"nm4067042",2
"nm3129350",3
"nm2589280",2
"nm2446835",7
"nm1113221",44
"nm0266434",6
"nm1114236",6
"nm0527099",10
"nm2058624",7
"nm4961493",2
"nm1872374",2
"nm0854866",51
"nm2094553",3
"nm3772243",32
"nm0334159",46
"nm0814807",64
"nm0662519",60
"nm3358899",12
"nm3191089",2
"nm4366704",14
"nm9973659",1
"nm3906990",20
"nm6494689",17
"nm2239011",42
"nm1197751",23
"nm7260740",21
"nm0804055",205
"nm5065913",14
"nm8071513",1
"nm0022771",50
"nm0078751",28
"nm0000306",193
"nm0152059",79
"nm2804113",39
"nm4236304",6
"nm6968802",21
"nm0296545",72
"nm0001288",31
"nm0217221",638
"nm0385644",77
"nm0386472",67
"nm0393222",449
"nm0404993",80
"nm0476037",50
"nm0484541",83
"nm6525901",13
"nm4010671",39
"nm2835835",71
"nm3042346",54
"nm0410911",69
"nm3299397",15
"nm0579795",53
"nm2216549",35
"nm3034977",32
"nm0278373",123
"nm0021247",47
"nm9785431",12
"nm1777809",92
"nm6626663",5
"nm8510721",30
"nm1620756",31
"nm0849459",48
"nm6405890",10
"nm0305558",66
"nm3043279",57
"nm0001722",69
"nm5057169",25
"nm3880181",21
"nm0025458",61
"nm0504962",52
"nm7340546",13
"nm7543974",11
"nm0001110",46
"nm2047170",41
"nm5216475",23
"nm0358390",57
"nm0149910",84
"nm0247754",24
"nm9842062",3
"nm8724554",2
"nm6366586",36
"nm0110168",55
"nm3069420",11
"nm0000641",56
"nm2079681",21
"nm8687169",19
"nm9723807",8
"nm8101367",9
"nm10232836",10
"nm0828353",66
"nm1881173",4
"nm0355155",78
"nm0525596",16
"nm4217097",19
"nm7880852",4
"nm6737315",22
"nm7178749",9
"nm0000295",53
"nm2541974",30
"nm0001804",138
"nm1209545",43
"nm0339778",133
"nm1035854",64
"nm0103195",145
"nm0000215",165
"nm9167803",5
"nm7724402",33
"nm9731892",2
"nm6361313",7
"nm12724889",1
"nm10931715",4
"nm12724890",1
"nm5596646",6
"nm8477624",4
"nm0001305",97
"nm2965079",68
"nm4670465",7
"nm12755550",1
"nm1055590",26
"nm0925578",49
"nm7077945",2
"nm9200468",23
"nm2805904",14
"nm4658255",26
"nm1875985",3
"nm1304328",144
"nm4805317",28
"nm0007155",149
"nm3860305",33
"nm0521723",141
"nm1193045",146
"nm4497336",37
"nm1535265",58
"nm3340982",30
"nm0929814",63
"nm5775621",31
"nm1593505",39
"nm3842139",29
"nm1281982",68
"nm9354402",9
"nm5932094",33
"nm0002902",84
"nm5451410",29
"nm6087278",6
"nm0000695",83
"nm0000102",103
"nm0000103",52
"nm0000120",67
"nm0000333",74
"nm0000129",49
"nm0000134",125
"nm0000375",93
"nm0000381",61
"nm0266422",11
"nm0001239",54
"nm0000169",85
"nm0440793",2
"nm0444829",7
"nm0014617",6
"nm0417192",2
"nm3057455",6
"nm0427582",3
"nm0265671",6
"nm0425005",93
"nm3099754",38
"nm3657043",24
"nm1273697",51
"nm6786824",44
"nm0638762",73
"nm8224376",6
"nm7004279",5
"nm3310717",10
"nm0039327",117
"nm0691597",90
"nm6559213",2
"nm0757855",74
"nm0210087",1
"nm0740264",133
"nm3355329",102
"nm1705090",50
"nm5648231",11
"nm6983144",13
"nm5652008",27
"nm1260853",14
"nm1534715",39
"nm3055239",29
"nm0992694",29
"nm3973728",10
"nm5263129",54
"nm0000354",25
"nm1891185",47
"nm1113550",52
"nm11144034",3
"nm0241759",41
"nm9860937",9
"nm0494504",72
"nm0531014",104
"nm0849103",65
"nm1929699",37
"nm2715213",17
"nm1673097",8
"nm5369309",6
"nm1644221",25
"nm0618986",35
"nm12797756",1
"nm10601066",11
"nm7585918",7
"nm2353862",25
"nm2539953",47
"nm0249291",81
"nm0002004",90
"nm8272760",7
"nm2208050",49
"nm1440097",18
"nm12778428",1
"nm11387014",2
"nm5160752",15
"nm0365317",64
"nm0225483",98
"nm0570375",50
"nm12778430",1
"nm0175796",63
"nm0189724",63
"nm4422686",35
"nm6328300",15
"nm6132216",3
"nm5427928",9
"nm6476787",9
"nm8342905",19
"nm1013057",17
"nm3314705",56
"nm11974836",1
"nm10136819",3
"nm11974837",2
"nm10897651",2
"nm11170969",2
"nm4163092",1
"nm3289226",33
"nm0809569",59
"nm0803889",42
"nm1401084",15
"nm2159926",73
"nm3639013",60
"nm1507804",113
"nm0454598",99
"nm1468061",110
"nm5438563",6
"nm0578766",72
"nm0000666",86
"nm5237479",30
"nm4008605",26
"nm0002128",112
"nm5330651",60
"nm0664061",70
"nm3464684",38
"nm2043171",32
"nm1520108",32
"nm1842948",55
"nm4083340",9
"nm0852374",74
"nm2775078",23
"nm3986223",43
"nm4404335",29
"nm0540441",81
"nm1032567",65
"nm0277547",20
"nm12200328",3
"nm12768599",1
"nm12768600",1
"nm12768601",1
"nm10300501",1
"nm0695467",43
"nm12768602",1
"nm3004183",22
"nm4134656",71
"nm10413544",1
"nm10413543",1
"nm10413545",1
"nm4514209",12
"nm10436812",1
"nm1120785",9
"nm8282623",5
"nm12264735",1
"nm11286556",2
"nm5051045",8
"nm13235562",1
"nm12264739",1
"nm12264737",1
"nm12264743",1
"nm10960993",5
"nm11898229",1
"nm11898228",1
"nm12264732",1
"nm12264738",1
"nm12264733",2
"nm11604880",1
"nm12264734",1
"nm12264740",1
"nm3524200",2
"nm1172478",48
"nm0205626",88
"nm1694619",18
"nm0277213",92
"nm2887579",67
"nm5941251",14
"nm0203457",38
"nm0348231",60
"nm0002888",63
"nm0012948",141
"nm1800191",20
"nm1684744",27
"nm3867385",62
"nm3915784",36
"nm4534098",25
"nm0492089",65
"nm0625789",99
"nm3324982",69
"nm1838568",35
"nm0091931",67
"nm0293461",46
"nm1154919",61
"nm4466991",15
"nm1563373",46
"nm1542522",21
"nm7941792",20
"nm1688626",27
"nm8967382",7
"nm0783295",41
"nm6339026",20
"nm0355910",35
"nm0000383",59
"nm3920288",25
"nm7347679",38
"nm0817716",8
"nm10682374",2
"nm0382671",35
"nm7164242",4
"nm2453033",32
"nm0972851",35
"nm3882162",11
"nm0571106",243
"nm8476355",8
"nm8442286",3
"nm3156758",47
"nm9803367",4
"nm3172728",27
"nm1346346",37
"nm2903041",29
"nm3163276",2
"nm3246363",50
"nm0834573",34
"nm2358390",67
"nm9516213",4
"nm0991810",51
"nm0365140",49
"nm1812840",36
"nm0063440",103
"nm6254895",60
"nm10575134",7
"nm13201602",1
"nm13099929",1
"nm12313476",1
"nm6780145",13
"nm6851743",8
"nm9819470",1
"nm10842887",7
"nm2869925",41
"nm0482386",4
"nm13201603",1
"nm3637114",10
"nm1147702",39
"nm5639852",2
"nm11417501",1
"nm11417491",1
"nm0101559",21
"nm8113807",3
"nm2093097",173
"nm11417499",1
"nm11752916",3
"nm0000360",61
"nm9881034",2
"nm11417500",1
"nm6908011",8
"nm7491044",29
"nm1428821",70
"nm1525807",22
"nm8624059",14
"nm0000208",72
"nm3253943",16
"nm5114966",10
"nm6085680",16
"nm0421252",56
"nm7193305",10
"nm0899746",48
"nm8788383",5
"nm8435241",8
"nm8383026",5
"nm9082953",3
"nm8771760",10
"nm3031646",8
"nm7729639",15
"nm6136586",20
"nm13314311",1
"nm12283892",1
"nm9649248",6
"nm3069650",30
"nm0169806",27
"nm6564737",16
"nm2064295",62
"nm9619603",5
"nm4162863",31
"nm8814069",9
"nm0481884",30
"nm10873230",1
"nm1053641",7
"nm0779881",37
"nm3608877",16
"nm3313805",17
"nm8039101",4
"nm5199565",55
"nm1617685",35
"nm0005541",46
"nm4270695",29
"nm0567653",46
"nm0549505",43
"nm0372186",9
"nm0779451",77
"nm5105447",6
"nm0784255",28
"nm2273440",20
"nm1653125",38
"nm0004883",115
"nm0914223",69
"nm11043444",2
"nm0113640",52
"nm11258988",1
"nm2933542",44
"nm3137585",1
"nm0457748",19
"nm9043704",6
"nm1797492",24
"nm9466522",3
"nm0836121",55
"nm2424804",8
"nm1407270",46
"nm12834190",1
"nm0463709",24
"nm12834191",1
"nm12027775",2
"nm12834192",1
"nm6388677",15
"nm0786639",72
"nm9318242",12
"nm1139358",13
"nm0642605",41
"nm4988352",17
"nm10996873",7
"nm12906093",1
"nm12906094",1
"nm12906095",1
"nm9407938",4
"nm1662227",13
"nm4454223",21
"nm0559144",68
"nm1319274",16
"nm3310289",6
"nm0278468",64
"nm0267772",52
"nm0152430",72
"nm5046593",28
"nm2972597",21
"nm7852691",6
"nm6916321",9
"nm3008060",9
"nm1655232",7
"nm9809074",1
"nm12277978",1
"nm0220240",80
"nm9099862",1
"nm12277980",1
"nm11680017",2
"nm2490944",3
"nm11680021",1
"nm3668431",1
"nm11680019",1
"nm11680018",1
"nm5602393",7
"nm0761471",3
"nm11680020",1
"nm2143891",2
"nm0661132",73
"nm6033507",8
"nm9391318",5
"nm8977993",16
"nm8071137",9
"nm9339903",26
"nm9585090",12
"nm7873693",26
"nm0731323",150
"nm0105951",67
"nm2310571",23
"nm1920535",35
"nm1009277",59
"nm1320827",160
"nm2780578",35
"nm0413168",64
"nm0272581",34
"nm0628601",50
"nm0193295",64
"nm0211920",35
"nm0943079",78
"nm2828232",28
"nm0191442",142
"nm2358540",35
"nm1494168",70
"nm1829045",14
"nm2795989",80
"nm6514120",15
"nm10174742",3
"nm4530613",49
"nm0661974",40
"nm2404349",80
"nm1411388",80
"nm0000474",91
"nm0702572",43
"nm0727778",106
"nm0538869",120
"nm0269909",68
"nm0001598",164
"nm0682725",39
"nm0158147",14
"nm0082870",94
"nm3778618",19
"nm12831541",1
"nm12349613",3
"nm6854352",14
"nm12831543",1
"nm12831544",1
"nm4883026",26
"nm2636310",31
"nm5245722",24
"nm0000312",51
"nm6797982",9
"nm0058581",39
"nm1203005",42
"nm6280112",22
"nm1535423",53
"nm1047883",54
"nm1815689",65
"nm0498046",82
"nm1309437",72
"nm1255829",10
"nm1098612",20
"nm0397788",123
"nm1723862",12
"nm10359010",19
"nm0855039",153
"nm0327056",46
"nm0826745",99
"nm0845941",114
"nm1137414",60
"nm0296546",286
"nm1709030",69
"nm0223740",172
"nm0330070",133
"nm3180237",41
"nm4356347",44
"nm1821327",62
"nm6197372",24
"nm0101710",58
"nm1696096",25
"nm3057022",20
"nm0193554",88
"nm2564628",9
"nm2325956",18
"nm8969293",38
"nm7083392",11
"nm2803762",4
"nm2706683",7
"nm1518252",4
"nm0118419",38
"nm6099099",36
"nm4572865",19
"nm5472376",22
"nm1090591",53
"nm10681925",16
"nm2031682",2
"nm0030394",36
"nm2365157",10
"nm0005093",56
"nm10616645",4
"nm11003412",1
"nm0000576",72
"nm7646252",4
"nm10824754",1
"nm0000982",76
"nm3950210",33
"nm0751638",186
"nm0225460",131
"nm1813421",16
"nm0125475",37
"nm1011431",46
"nm1128572",60
"nm0148418",91
"nm4223018",24
"nm1493163",62
"nm1443740",34
"nm2106801",51
"nm6163697",10
"nm1465326",23
"nm13295838",1
"nm0752876",39
"nm0001780",201
"nm0951471",163
"nm2254074",116
"nm5200438",9
"nm0569962",31
"nm2553880",15
"nm0387319",65
"nm0001746",73
"nm1190513",76
"nm8800885",2
"nm2059328",4
"nm9093900",15
"nm1299147",25
"nm1378875",39
"nm1336920",11
"nm9690266",6
"nm2443438",43
"nm0591777",28
"nm2225627",13
"nm0005318",92
"nm0552072",83
"nm1558628",97
"nm1410076",39
"nm0565973",67
"nm4650424",26
"nm8767171",9
"nm0894986",15
"nm4927497",7
"nm9357126",6
"nm11526024",48
"nm0001212",41
"nm0271657",52
"nm0278752",100
"nm0098710",45
"nm0130429",121
"nm0317884",37
"nm2611502",8
"nm1270132",75
"nm2562176",47
"nm2728200",20
"nm4120824",20
"nm1693432",43
"nm3943753",23
"nm2871370",39
"nm3553082",15
"nm0864900",56
"nm1136146",38
"nm0001521",56
"nm3091498",27
"nm0574615",130
"nm4713191",13
"nm5512177",36
"nm0354937",442
"nm1312566",550
"nm0455058",130
"nm0476117",59
"nm1584992",275
"nm0477075",49
"nm3629001",69
"nm2007163",58
"nm12871828",1
"nm0189488",75
"nm0636046",438
"nm6094498",11
"nm2492243",21
"nm5493937",25
"nm2499064",33
"nm2080933",25
"nm1166613",31
"nm0235336",42
"nm7100118",13
"nm0005516",86
"nm1013003",57
"nm4274468",2
"nm0112343",12
"nm1534784",20
"nm9094858",1
"nm2995868",6
"nm0300013",39
"nm8015645",15
"nm1394115",24
"nm6357570",8
"nm5584344",20
"nm3500582",27
"nm2805533",42
"nm5269143",15
"nm0004539",78
"nm2444299",29
"nm7700703",3
"nm2050642",40
"nm4083459",13
"nm3951651",4
"nm2726586",5
"nm10714288",5
"nm11080218",2
"nm7951670",7
"nm11381399",2
"nm5154548",5
"nm9577564",5
"nm4772366",12
"nm2993517",44
"nm0936298",104
"nm0005551",106
"nm5634295",38
"nm2590739",32
"nm3878170",27
"nm0123334",27
"nm0177946",69
"nm0395428",122
"nm1263844",21
"nm4763365",26
"nm5344589",19
"nm1972614",42
"nm6366846",8
"nm11290905",5
"nm4120909",29
"nm2202521",46
"nm0000337",98
"nm0000498",150
"nm4873265",8
"nm4360764",31
"nm7886444",15
"nm6378672",5
"nm1966407",3
"nm4564345",19
"nm5083959",28
"nm5382998",25
"nm4435680",26
"nm5353778",15
"nm1035082",86
"nm7198615",6
"nm1287339",12
"nm0000704",118
"nm0456186",58
"nm0657760",44
"nm0114868",133
"nm4114489",13
"nm0166061",96
"nm0035730",56
"nm5583708",19
"nm1705317",29
"nm1409996",51
"nm2628654",14
"nm2432306",38
"nm0185003",64
"nm0899487",218
"nm8489931",16
"nm5526836",15
"nm1991608",70
"nm0266441",75
"nm11041944",1
"nm11041852",1
"nm7761041",3
"nm4487395",32
"nm0481180",72
"nm8156241",3
"nm5510570",10
"nm11077514",1
"nm2342006",4
"nm11057804",1
"nm10876018",4
"nm11106407",1
"nm11082700",1
"nm10632490",1
"nm6377764",16
"nm8334734",8
"nm0305081",40
"nm4736278",32
"nm6711707",8
"nm1316175",17
"nm8856778",5
"nm12903358",1
"nm8587627",14
"nm0668875",50
"nm12765832",2
"nm12903359",1
"nm4855517",41
"nm0504897",100
"nm12000124",1
"nm2371196",27
"nm0950757",196
"nm8108730",5
"nm1592063",29
"nm12514072",2
"nm12883072",1
"nm12839220",1
"nm3513533",34
"nm4124946",32
"nm0157796",68
"nm0519023",73
"nm0000949",89
"nm0534635",30
"nm0000307",107
"nm1996829",44
"nm0001745",150
"nm2904789",23
"nm0334441",58
"nm0001394",165
"nm0001035",56
"nm0117339",90
"nm5480041",6
"nm1276507",110
"nm2622652",10
"nm2046036",14
"nm1624261",17
"nm4757927",19
"nm0752407",71
"nm1941205",16
"nm0051104",107
"nm1128574",35
"nm0850387",64
"nm3492635",13
"nm0586000",49
"nm0805789",90
"nm10594179",2
"nm10205627",4
"nm8089556",6
"nm1283912",56
"nm0006463",105
"nm3906820",21
"nm4878976",15
"nm2066764",39
"nm8722481",8
"nm12906527",1
"nm10311837",8
"nm1023318",13
"nm0095478",159
"nm0543383",88
"nm2094090",29
"nm0382920",35
"nm12257371",3
"nm11206847",2
"nm8845538",5
"nm0340729",62
"nm1119726",31
"nm0098378",51
"nm5290511",16
"nm11969621",1
"nm7281348",11
"nm6619260",16
"nm0337965",36
"nm12914290",1
"nm4932304",14
"nm0288046",18
"nm9693267",2
"nm9368791",13
"nm12914291",1
"nm2352231",10
"nm2811823",35
"nm0372366",116
"nm10521028",6
"nm9070033",9
"nm0005285",73
"nm8886233",1
"nm1677751",17
"nm0935541",58
"nm0000437",107
"nm11008562",4
"nm0475165",204
"nm0401264",54
"nm2032193",10
"nm4590767",19
"nm7642971",2
"nm8192905",22
"nm1547240",16
"nm6076321",10
"nm9690566",7
"nm5100291",16
"nm3731730",8
"nm12918844",1
"nm0614044",18
"nm2054164",10
"nm10744139",4
"nm10778177",2
"nm0484104",50
"nm0347666",38
"nm0001290",143
"nm1279721",55
"nm3890987",19
"nm2253821",55
"nm12926327",1
"nm11971132",1
"nm12926328",1
"nm12926329",1
"nm12243039",1
"nm12926330",1
"nm12926331",1
"nm12269997",1
"nm11953206",1
"nm4487976",17
"nm2965226",25
"nm0925232",65
"nm0446465",59
"nm0860749",55
"nm0571537",63
"nm0008894",21
"nm0173124",58
"nm0006604",69
"nm2657185",23
"nm0005191",78
"nm1057928",29
"nm2872551",9
"nm8386731",2
"nm0068338",104
"nm4737223",35
"nm0692493",90
"nm0644747",12
"nm4410736",11
"nm3318498",26
"nm3912883",23
"nm2048735",36
"nm4153437",15
"nm5830123",31
"nm0236946",90
"nm7653036",10
"nm12914187",1
"nm3332493",21
"nm1209966",60
"nm6509716",11
"nm0454507",104
"nm9698063",8
"nm5955628",5
"nm1543308",3
"nm6747512",12
"nm10596515",7
"nm4473432",27
"nm6649798",11
"nm12914334",2
"nm6207594",22
"nm4027546",40
"nm2471298",6
"nm2867657",14
"nm2310050",4
"nm0368728",9
"nm1365049",8
"nm6313155",5
"nm1210733",4
"nm0888284",16
"nm4369774",2
"nm0910536",20
"nm5283233",3
"nm1387980",6
"nm2858875",48
"nm6819854",20
"nm5228887",15
"nm4548114",20
"nm12902200",1
"nm1050153",71
"nm3342571",21
"nm10543141",11
"nm12902201",1
"nm12902202",1
"nm0791328",19
"nm7959329",11
"nm3600570",31
"nm6308481",13
"nm7491483",12
"nm1553362",36
"nm7718443",15
"nm0689708",13
"nm6746818",15
"nm6268102",4
"nm0084581",70
"nm0722587",6
"nm2890541",30
"nm1534700",88
"nm3536683",13
"nm0483520",4
"nm0197647",48
"nm0710447",74
"nm1295887",62
"nm7217930",13
"nm2333609",21
"nm0243233",51
"nm0855967",46
"nm12310411",1
"nm3418810",4
"nm10592290",3
"nm3054850",2
"nm1731937",11
"nm6275563",1
"nm1726854",9
"nm12799528",1
"nm3010767",9
"nm0681893",50
"nm1072959",29
"nm4317173",27
"nm3069722",14
"nm4153544",9
"nm0004906",79
"nm6601748",19
"nm5462073",10
"nm3080419",55
"nm0574050",9
"nm0792069",83
"nm1061313",64
"nm12463624",1
"nm0000643",170
"nm1483196",32
"nm6872447",16
"nm7187850",24
"nm5590588",11
"nm7434523",20
"nm5803981",22
"nm4729540",13
"nm3596600",16
"nm3783212",18
"nm4606975",7
"nm8176814",12
"nm10997266",5
"nm2893514",10
"nm5023892",6
"nm5966133",4
"nm0002090",76
"nm8493387",19
"nm0852173",36
"nm2403799",104
"nm7969668",27
"nm1157205",73
"nm8336420",38
"nm2971607",62
"nm7334372",25
"nm6191112",30
"nm5849654",16
"nm4796653",40
"nm7466686",3
"nm4428850",49
"nm6300856",15
"nm8541793",14
"nm0164577",1
"nm2386241",120
"nm2450512",48
"nm0004749",50
"nm0000525",61
"nm4676368",12
"nm5376482",11
"nm2429572",38
"nm6364786",11
"nm6768440",3
"nm4545608",7
"nm3855999",4
"nm8777636",6
"nm6126653",3
"nm10776843",1
"nm0564215",61
"nm2946516",30
"nm3665787",35
"nm0507207",128
"nm0603667",24
"nm3737945",17
"nm4206849",12
"nm1051151",24
"nm1784423",5
"nm6089839",6
"nm6510198",8
"nm0424123",20
"nm12589326",1
"nm7254399",9
"nm1652341",60
"nm9121761",11
"nm1269983",58
"nm5140869",21
"nm3679406",21
"nm12937364",1
"nm12940821",1
"nm10813805",15
"nm10664509",8
"nm9466864",10
"nm1242679",46
"nm9381639",8
"nm7633438",8
"nm9676710",8
"nm12937365",2
"nm12280636",1
"nm10286452",9
"nm1483369",60
"nm0000177",69
"nm0648249",72
"nm4377526",42
"nm1711114",65
"nm5637553",15
"nm0703910",42
"nm1883803",81
"nm2393120",36
"nm3423035",16
"nm0438500",63
"nm8336199",15
"nm3966113",22
"nm1567113",58
"nm0427728",62
"nm0000352",112
"nm1458132",17
"nm0415382",56
"nm1209413",54
"nm0646192",72
"nm0499791",155
"nm0401132",82
"nm1112969",11
"nm1093988",12
"nm0654372",30
"nm2546388",26
"nm3254270",18
"nm4996050",19
"nm1422176",50
"nm0000142",72
"nm0948267",39
"nm2732125",33
"nm4307956",10
"nm6011413",26
"nm1600050",22
"nm1559901",25
"nm2499340",34
"nm8602140",8
"nm1343708",42
"nm3811631",13
"nm6227839",8
"nm10974185",7
"nm0871253",13
"nm0735424",132
"nm12666959",1
"nm10172817",4
"nm8355135",2
"nm0124930",69
"nm0170968",67
"nm1645352",57
"nm1504678",68
"nm1839980",86
"nm2111132",48
"nm2077124",55
"nm1443306",8
"nm2129123",31
"nm1966177",112
"nm6612012",17
"nm3608353",5
"nm7881107",14
"nm4006446",32
"nm1154749",30
"nm0001024",46
"nm0608405",135
"nm1056120",51
"nm5880581",13
"nm0323102",52
"nm12944270",1
"nm5230317",34
"nm0913880",174
"nm4187460",28
"nm2345521",37
"nm3348671",6
"nm8892593",3
"nm11050294",4
"nm3130111",19
"nm12109021",9
"nm12944272",1
"nm0000323",176
"nm2201555",85
"nm0005454",45
"nm2771798",27
"nm0607367",50
"nm0774891",124
"nm1124170",12
"nm0494411",26
"nm8126110",14
"nm8190023",6
"nm10699727",5
"nm8443344",6
"nm9948079",3
"nm12093601",1
"nm6944758",7
"nm6920543",3
"nm0001491",84
"nm0519043",104
"nm0000202",69
"nm0001155",79
"nm4892402",26
"nm9733457",3
"nm2309875",32
"nm0558424",45
"nm2500541",9
"nm4905535",5
"nm3180848",15
"nm10101324",2
"nm4461101",10
"nm4874640",18
"nm7560221",10
"nm2683014",16
"nm3554264",12
"nm0125653",105
"nm10744297",1
"nm6930800",34
"nm6081321",12
"nm1247855",4
"nm3944703",6
"nm3133975",11
"nm5453990",21
"nm5722426",21
"nm10141143",4
"nm3203154",27
"nm0091480",82
"nm1742300",81
"nm2041859",33
"nm10713075",2
"nm12286092",1
"nm12283795",1
"nm9495790",12
"nm12283796",1
"nm0046029",4
"nm12283797",1
"nm11587073",1
"nm12283799",1
"nm1090798",1
"nm4528211",2
"nm12283800",1
"nm12283801",1
"nm12283802",1
"nm5897080",2
"nm11365489",8
"nm12283803",1
"nm12283804",1
"nm4075744",10
"nm2107416",34
"nm3502480",20
"nm1308028",6
"nm0568458",45
"nm3146765",22
"nm4774390",8
"nm0741242",65
"nm0689290",19
"nm4313168",11
"nm5598483",20
"nm7752303",15
"nm7556040",4
"nm5272737",11
"nm0109161",15
"nm4516106",13
"nm10568777",1
"nm2951768",30
"nm1334869",35
"nm0121559",93
"nm8244422",19
"nm2075924",72
"nm2510392",34
"nm7595066",14
"nm5310034",19
"nm7240335",23
"nm0004919",14
"nm9579910",13
"nm6043752",52
"nm9206073",18
"nm9597126",9
"nm1227814",63
"nm4733752",46
"nm6259860",50
"nm7862639",22
"nm0001610",62
"nm0005105",78
"nm0319308",329
"nm0152839",609
"nm0508877",181
"nm1868320",158
"nm2402435",25
"nm3094948",8
"nm3186756",10
"nm1551796",5
"nm3239803",37
"nm3964350",20
"nm8961313",9
"nm9581005",3
"nm3558256",13
"nm10656367",7
"nm7060126",13
"nm10026123",4
"nm10649962",2
"nm12284155",1
"nm11925037",2
"nm5507725",4
"nm2897989",33
"nm0765597",68
"nm0896292",54
"nm2345856",29
"nm0000160",93
"nm11370123",6
"nm3244078",30
"nm0553440",116
"nm8512386",9
"nm2369055",55
"nm3231528",14
"nm3101421",40
"nm0200452",43
"nm3400330",23
"nm9537602",7
"nm8109082",19
"nm0000302",107
"nm7161310",1
"nm12023794",3
"nm11898386",1
"nm11898387",1
"nm9674514",4
"nm0280955",215
"nm5680449",4
"nm12508104",2
"nm4051466",32
"nm2938107",6
"nm9498004",2
"nm0328751",84
"nm0054087",48
"nm0881133",107
"nm2842005",16
"nm0518321",56
"nm9124071",10
"nm0004900",65
"nm0444223",72
"nm0610459",71
"nm2204675",27
"nm1334396",57
"nm1284482",134
"nm11893684",7
"nm1728034",41
"nm5077694",1
"nm12892915",1
"nm11167106",2
"nm12892916",1
"nm0362766",60
"nm0931329",54
"nm1169428",65
"nm0334318",118
"nm0523742",37
"nm0916442",36
"nm3382412",38
"nm6154797",2
"nm1736605",36
"nm3787576",13
"nm10695291",3
"nm2883357",23
"nm2090270",19
"nm4198380",1
"nm1016301",3
"nm0005273",57
"nm1015684",68
"nm0000501",124
"nm8995141",11
"nm2915105",65
"nm0408284",101
"nm10561543",4
"nm0224995",12
"nm2537187",21
"nm5066629",8
"nm7394188",23
"nm12339011",5
"nm3569001",72
"nm9937520",4
"nm1802209",119
"nm0000541",56
"nm0970447",55
"nm0352778",114
"nm0001728",207
"nm2273205",73
"nm4232585",111
"nm1057696",209
"nm0263252",56
"nm0473873",381
"nm4171388",34
"nm12986287",1
"nm0695497",73
"nm0056770",8
"nm0129749",104
"nm8208330",12
"nm0484707",103
"nm1183094",58
"nm0198620",62
"nm0183462",36
"nm0003861",109
"nm3886345",43
"nm9904787",21
"nm4464117",42
"nm3764562",15
"nm2084263",19
"nm8618362",11
"nm4758407",22
"nm5164937",21
"nm4920608",35
"nm5327163",13
"nm3168244",17
"nm5652167",49
"nm5818222",43
"nm6249348",8
"nm4297645",41
"nm5426897",50
"nm9855542",4
"nm12025551",11
"nm2869617",80
"nm6349873",21
"nm0012081",40
"nm0001151",96
"nm1362980",40
"nm1012967",72
"nm0448810",46
"nm0817620",86
"nm0004938",11
"nm0004973",45
"nm0808974",4
"nm0571230",6
"nm11261538",1
"nm0809363",12
"nm0034877",98
"nm0091505",77
"nm0270794",1
"nm8681196",5
"nm0620758",2
"nm4883009",4
"nm5038418",3
"nm8681197",2
"nm3890731",14
"nm5810668",2
"nm5038068",2
"nm5038276",2
"nm0282959",86
"nm5062993",3
"nm8623152",2
"nm2618901",10
"nm2183607",15
"nm0603417",39
"nm0924684",58
"nm0001235",154
"nm0913460",84
"nm0004645",95
"nm1984860",3
"nm3459218",28
"nm2419116",21
"nm5356470",2
"nm10245826",9
"nm0434879",79
"nm1335173",43
"nm1603687",29
"nm13150217",3
"nm11991819",21
"nm0100953",48
"nm5634487",5
"nm4913999",11
"nm13262102",3
"nm6829691",34
"nm4499094",25
"nm6922685",11
"nm2242578",25
"nm5598595",14
"nm8265810",8
"nm0365484",126
"nm8917058",13
"nm4067784",4
"nm9947569",13
"nm6671109",19
"nm4260661",26
"nm0531966",136
"nm2687006",41
"nm0396406",137
"nm0185819",73
"nm1869101",32
"nm2244205",48
"nm2736476",20
"nm0924210",61
"nm1239499",74
"nm0942482",77
"nm1399770",98
"nm8437705",20
"nm11645469",1
"nm12986347",1
"nm6749529",14
"nm0219465",42
"nm0005042",147
"nm0000588",84
"nm0235652",107
"nm0083714",97
"nm2815589",55
"nm11608000",1
"nm2662796",33
"nm12279451",1
"nm12279452",1
"nm0837177",80
"nm1591496",45
"nm2205243",46
"nm1004774",55
"nm6404606",5
"nm2460093",79
"nm1505017",18
"nm1022980",25
"nm3232271",24
"nm3703850",22
"nm0569933",33
"nm0721416",21
"nm0535714",14
"nm1013956",42
"nm0001347",104
"nm0001117",273
"nm2280518",20
"nm0489010",36
"nm0071754",110
"nm1995953",35
"nm2234564",52
"nm0153108",104
"nm0732025",82
"nm0006826",88
"nm2544658",20
"nm0920048",44
"nm0750852",68
"nm1902531",44
"nm1222294",24
"nm3086260",38
"nm0337949",27
"nm0366440",20
"nm5153709",23
"nm0001990",72
"nm1194673",23
"nm1814178",29
"nm2358594",19
"nm4403318",40
"nm8313968",12
"nm4640856",16
"nm6549243",14
"nm1906778",83
"nm2519780",57
"nm2684369",50
"nm10442637",7
"nm10614836",2
"nm1975472",21
"nm2440257",10
"nm4025993",56
"nm2967874",15
"nm12996998",1
"nm1758893",17
"nm12996996",1
"nm4291423",1
"nm12062876",2
"nm4538446",4
"nm12997175",1
"nm12997174",1
"nm12996997",1
"nm0000130",82
"nm5506858",17
"nm0183921",23
"nm0145309",13
"nm2653003",95
"nm3287038",37
"nm3526993",17
"nm4003553",31
"nm0001309",97
"nm0194234",99
"nm2509902",48
"nm0567912",87
"nm4661233",1
"nm0724202",45
"nm0827111",41
"nm3485845",48
"nm0910040",113
"nm3867299",28
"nm0190744",72
"nm0396908",48
"nm0183122",110
"nm13009138",1
"nm0662511",90
"nm7552807",15
"nm1492939",12
"nm1914270",26
"nm1401016",33
"nm1128414",54
"nm7846802",5
"nm0568385",92
"nm2144240",16
"nm2769464",26
"nm1535658",46
"nm8891348",2
"nm1152963",36
"nm5315658",19
"nm9482101",17
"nm0456484",74
"nm8903519",5
"nm0432228",141
"nm3351574",36
"nm0628329",96
"nm4928419",31
"nm1168915",47
"nm2040912",12
"nm2277926",24
"nm0000551",133
"nm0097633",26
"nm0216322",77
"nm2342402",29
"nm3483440",38
"nm7121773",25
"nm0715788",48
"nm1552870",11
"nm0702296",92
"nm7019691",3
"nm3418962",42
"nm1898512",23
"nm0004757",80
"nm0000691",41
"nm0001862",124
"nm0910181",6
"nm0715563",30
"nm0115010",8
"nm0577263",53
"nm0725041",4
"nm0129816",56
"nm0320091",18
"nm0276219",2
"nm0851449",4
"nm0875944",1
"nm1303274",5
"nm0607316",1
"nm12744350",1
"nm3535271",2
"nm0989593",4
"nm2561391",1
"nm2913275",48
"nm4867258",17
"nm0654295",43
"nm0287168",105
"nm6481841",6
"nm3966190",45
"nm8359383",13
"nm2154316",36
"nm3363398",52
"nm0717327",143
"nm10227872",10
"nm7839517",40
"nm0061262",52
"nm3154303",31
"nm0376610",50
"nm0000849",71
"nm1004267",49
"nm0151654",45
"nm2810287",73
"nm0001648",134
"nm2129802",34
"nm7064768",1
"nm0267256",69
"nm0742929",30
"nm0302108",77
"nm8492826",12
"nm7221817",22
"nm5408447",17
"nm6205098",8
"nm3851090",21
"nm4564958",42
"nm0589294",12
"nm3021103",54
"nm1544537",20
"nm3025293",51
"nm2756650",25
"nm0915375",24
"nm0004778",74
"nm0842770",99
"nm6891947",26
"nm0661950",75
"nm0000195",96
"nm0000837",123
"nm0001857",146
"nm0809135",144
"nm1727825",47
"nm3718007",19
"nm5939164",37
"nm5518972",18
"nm1346230",56
"nm10229945",5
"nm0147814",67
"nm2745477",40
"nm7882673",17
"nm4314990",31
"nm3347140",33
"nm1786432",23
"nm0268872",94
"nm0113583",42
"nm7788591",9
"nm2057859",56
"nm5287110",20
"nm10228854",6
"nm0629498",67
"nm5219130",29
"nm5402906",17
"nm2288047",38
"nm1547964",42
"nm1027986",62
"nm0040709",47
"nm0147022",41
"nm0005048",86
"nm1682799",59
"nm3297349",13
"nm0000391",81
"nm4033890",29
"nm1404408",49
"nm0195439",85
"nm10397798",8
"nm0398111",6
"nm3954896",18
"nm10073162",5
"nm1641117",26
"nm0612442",36
"nm0678820",14
"nm4469165",21
"nm0475054",97
"nm1935086",66
"nm1550948",43
"nm2428245",31
"nm0131966",73
"nm1782153",65
"nm9347693",7
"nm10931168",5
"nm10021443",2
"nm11183996",2
"nm12286080",1
"nm4192447",13
"nm1091175",17
"nm5802160",35
"nm0734489",26
"nm2547066",4
"nm6776005",11
"nm2318089",32
"nm0641816",71
"nm1708815",60
"nm4229518",47
"nm3355719",20
"nm3526638",29
"nm1981476",20
"nm1923532",7
"nm4438085",45
"nm10288168",25
"nm0005392",45
"nm8864596",7
"nm0001295",169
"nm0168262",40
"nm0001496",86
"nm9510736",5
"nm6813456",19
"nm9463942",2
"nm6105289",6
"nm6721990",6
"nm1141776",95
"nm0469584",92
"nm0852256",102
"nm0731197",29
"nm0203728",111
"nm3382410",35
"nm3516668",42
"nm7960400",25
"nm3214170",68
"nm5499293",20
"nm0829923",74
"nm3544055",28
"nm1170476",14
"nm3419059",34
"nm2671370",26
"nm2192089",8
"nm3725767",2
"nm9209250",4
"nm12459180",2
"nm7444275",2
"nm8264187",26
"nm5838306",3
"nm13069357",1
"nm0380438",12
"nm11949016",1
"nm11949067",1
"nm0001388",56
"nm0380022",60
"nm3697914",21
"nm1358539",38
"nm1622660",40
"nm5925477",26
"nm10032642",5
"nm0309461",122
"nm2367734",8
"nm4944898",4
"nm10488416",2
"nm8205905",9
"nm9147451",9
"nm3987673",27
"nm2245275",11
"nm2854286",7
"nm1307345",3
"nm9878280",2
"nm1306081",27
"nm6390427",16
"nm0933377",50
"nm2992254",17
"nm5681058",33
"nm0157469",11
"nm1799714",11
"nm7515939",14
"nm5828411",26
"nm5505923",33
"nm7065581",11
"nm0637441",156
"nm0028149",66
"nm8513711",14
"nm12056166",3
"nm13073490",1
"nm13073491",1
"nm0308385",14
"nm13073492",1
"nm2230938",95
"nm2322406",38
"nm7241999",8
"nm10461050",5
"nm13073493",1
"nm13073494",1
"nm0005128",77
"nm0652663",226
"nm3340597",24
"nm0542133",68
"nm0106755",112
"nm0275244",119
"nm2050324",8
"nm1788905",7
"nm2906174",56
"nm1118830",15
"nm5726243",13
"nm4065100",28
"nm8108211",4
"nm0767233",105
"nm4565460",6
"nm1592225",35
"nm2794212",23
"nm0005251",80
"nm0893247",101
"nm2824707",19
"nm0005216",64
"nm1505157",31
"nm8034435",7
"nm2369374",23
"nm2706397",50
"nm2608932",53
"nm4353907",14
"nm0788335",105
"nm1573253",26
"nm5879880",52
"nm7805211",9
"nm7602080",14
"nm8734686",5
"nm5379533",13
"nm10283509",3
"nm2276699",30
"nm6441027",9
"nm7582009",12
"nm3276598",3
"nm3229685",20
"nm3529685",88
"nm7186321",10
"nm4248765",12
"nm3011350",56
"nm0665370",157
"nm1896736",43
"nm12025537",1
"nm4089170",64
"nm13061684",1
"nm8992586",7
"nm5709125",19
"nm0224565",95
"nm3543262",15
"nm0024188",49
"nm0676152",69
"nm0584492",43
"nm6011424",22
"nm4343545",27
"nm2932167",27
"nm1098493",17
"nm0558021",54
"nm5189872",25
"nm0076780",57
"nm5302154",20
"nm0000158",59
"nm2655177",36
"nm8037956",19
"nm3311570",23
"nm13099216",1
"nm13098960",1
"nm0829576",56
"nm0001758",155
"nm12670642",1
"nm12880424",1
"nm4958046",26
"nm0327291",55
"nm0759898",122
"nm0077397",110
"nm0824927",17
"nm2240061",38
"nm5901379",26
"nm0072556",18
"nm2483728",30
"nm9157284",6
"nm1013098",53
"nm2681548",38
"nm0243806",79
"nm0000463",75
"nm0063348",71
"nm0730455",141
"nm0281956",129
"nm3060342",37
"nm1756186",53
"nm4572135",19
"nm6948882",18
"nm9189829",7
"nm10435063",17
"nm2335469",39
"nm10255442",8
"nm12139080",1
"nm7068521",28
"nm2400045",49
"nm6651162",26
"nm0756839",119
"nm0820847",90
"nm1484270",49
"nm6188857",5
"nm2409479",41
"nm1363452",101
"nm1086085",8
"nm7727231",17
"nm4285727",37
"nm5085882",26
"nm0688060",50
"nm4746718",33
"nm10511184",10
"nm7044200",19
"nm1233662",49
"nm2826867",20
"nm5866295",15
"nm5703842",35
"nm2367566",7
"nm2361583",35
"nm3513753",10
"nm6122710",46
"nm4105002",20
"nm1349199",35
"nm7603429",13
"nm2539366",31
"nm11334874",1
"nm2828485",28
"nm7083419",4
"nm8137263",20
"nm9934680",5
"nm6081322",19
"nm0000092",177
"nm0347149",67
"nm0004979",120
"nm0764445",106
"nm0735467",94
"nm0992289",51
"nm0263882",22
"nm2344052",2
"nm0271165",115
"nm4391137",11
"nm0429399",50
"nm0005568",69
"nm7306074",3
"nm1296587",14
"nm2348438",12
"nm0792490",11
"nm5049751",18
"nm9846302",4
"nm0509937",76
"nm0272703",26
"nm6976893",1
"nm5442366",7
"nm2986631",8
"nm7984852",4
"nm3095128",19
"nm2608689",65
"nm9987228",5
"nm3201406",51
"nm0860380",86
"nm3985937",52
"nm1280361",55
"nm2803399",14
"nm0711864",65
"nm8328460",12
"nm9125822",6
"nm0198408",126
"nm6265417",12
"nm10420511",2
"nm13111464",1
"nm1510062",33
"nm1994167",9
"nm0568180",132
"nm2145177",46
"nm0501971",89
"nm4728788",26
"nm13072941",1
"nm11728913",4
"nm11080306",3
"nm13072943",1
"nm3518604",1
"nm13072945",1
"nm13118728",1
"nm5847749",30
"nm13072948",1
"nm10723044",21
"nm0000379",87
"nm2240346",33
"nm0501501",46
"nm0705680",80
"nm2407067",23
"nm2277047",19
"nm9078712",1
"nm7212536",3
"nm1959207",72
"nm12858638",1
"nm8187625",2
"nm4592485",7
"nm0132426",45
"nm2129444",19
"nm4277617",8
"nm0238444",22
"nm0000932",62
"nm3841486",25
"nm5956547",20
"nm1355942",87
"nm12625660",2
"nm2187457",27
"nm0226986",44
"nm10261738",8
"nm8994275",4
"nm10013028",2
"nm7764425",1
"nm0631788",38
"nm9374903",6
"nm10812922",2
"nm6892790",3
"nm3600780",23
"nm4112253",17
"nm2964642",17
"nm0000372",60
"nm0355574",16
"nm3748403",8
"nm0105855",31
"nm0962261",40
"nm0811629",65
"nm11377589",4
"nm8214890",2
"nm0255811",16
"nm0626826",32
"nm13137756",1
"nm12676512",1
"nm8734740",5
"nm4689420",26
"nm0748620",129
"nm6016511",40
"nm10594234",2
"nm9305936",7
"nm0000101",34
"nm0001368",250
"nm0000244",100
"nm0348409",142
"nm3955737",5
"nm10656677",7
"nm9630002",8
"nm3809439",11
"nm0940158",103
"nm0000226",53
"nm0254712",74
"nm5181138",10
"nm9403098",3
"nm0001282",84
"nm10693286",5
"nm6822586",18
"nm4815306",21
"nm0727640",48
"nm0063800",47
"nm8582283",5
"nm8939444",5
"nm8929615",16
"nm1456793",48
"nm0339159",104
"nm2796745",69
"nm3417385",74
"nm1812944",13
"nm0001573",109
"nm0097504",68
"nm3631803",22
"nm0390903",95
"nm0454236",260
"nm3089916",47
"nm0001484",129
"nm10791619",2
"nm0051469",129
"nm0001618",55
"nm0000451",46
"nm7035760",15
"nm6701762",1
"nm0833338",54
"nm5455438",1
"nm1722936",2
"nm2755979",28
"nm3614628",33
"nm13000068",1
"nm2350219",13
"nm6467789",5
"nm6564483",27
"nm13000069",1
"nm0387521",90
"nm2058262",8
"nm0001701",55
"nm1419440",19
"nm2619114",50
"nm5333242",7
"nm0925220",116
"nm0132257",164
"nm2376882",9
"nm0173297",15
"nm1864828",8
"nm0825209",38
"nm2789132",12
"nm13150132",1
"nm4238755",10
"nm12130709",2
"nm1493534",29
"nm13117280",1
"nm0557609",114
"nm7713812",4
"nm0439307",44
"nm2677929",18
"nm2954640",11
"nm9790051",3
"nm0624827",94
"nm3593438",21
"nm1758953",37
"nm4408753",11
"nm0144336",65
"nm8194649",2
"nm13184771",1
"nm3478466",26
"nm3281048",1
"nm10326794",2
"nm9678500",2
"nm0949923",19
"nm8997361",4
"nm4812322",10
"nm6794954",10
"nm7107842",4
"nm5903887",20
"nm8999685",2
"nm9022931",1
"nm9007731",1
"nm8137164",2
"nm7245513",4
"nm4137692",1
"nm4943256",1
"nm9007727",1
"nm9007729",1
"nm9007726",1
"nm9007732",2
"nm9007730",1
"nm1239720",37
"nm0000491",157
"nm8871347",2
"nm8731846",7
"nm0148382",43
"nm1333962",28
"nm7968341",10
"nm7418176",9
"nm4624481",1
"nm8349062",80
"nm0692419",47
"nm13117200",1
"nm4222238",21
"nm7362703",13
"nm0253476",83
"nm3078932",45
"nm0000199",63
"nm1001515",28
"nm0516020",121
"nm1614523",39
"nm1454881",47
"nm0138840",15
"nm12384182",1
"nm0623854",80
"nm6221923",28
"nm0682123",19
"nm0849135",33
"nm0000113",17
"nm0001796",127
"nm0256599",63
"nm4957233",19
"nm8625874",3
"nm6308294",16
"nm0347509",45
"nm2004178",48
"nm1726032",83
"nm0290075",223
"nm11370853",2
"nm9131335",10
"nm11046176",7
"nm1046194",34
"nm2546012",26
"nm2064412",52
"nm4789912",28
"nm2584392",26
"nm2240326",43
"nm0006610",114
"nm3466819",17
"nm1956710",54
"nm11961024",2
"nm3848496",56
"nm8748191",8
"nm11967053",3
"nm1792091",56
"nm0000439",111
"nm0001872",87
"nm2053085",87
"nm12425009",2
"nm9045339",11
"nm8399408",11
"nm8702088",18
"nm11731634",4
"nm9402927",3
"nm9253215",8
"nm5928378",25
"nm10201290",9
"nm9936790",8
"nm11990914",2
"nm1162277",21
"nm0189144",135
"nm0339352",73
"nm0420955",115
"nm1159251",36
"nm2154960",12
"nm2788156",20
"nm6076229",19
"nm11866274",1
"nm0001823",50
"nm13097991",1
"nm13097973",1
"nm5928079",4
"nm13165571",1
"nm13165572",1
"nm13165573",1
"nm0818587",19
"nm13165574",1
"nm13165575",1
"nm13165576",1
"nm7473839",16
"nm0814114",73
"nm4326281",4
"nm0388477",35
"nm1235530",45
"nm11061034",2
"nm1682832",33
"nm0000960",188
"nm0731897",34
"nm6490912",11
"nm2542118",11
"nm0278248",36
"nm4328352",41
"nm1987771",27
"nm5894050",8
"nm11281548",2
"nm1370384",49
"nm3588633",41
"nm8982998",6
"nm5924611",17
"nm2325393",57
"nm2953573",20
"nm0006713",125
"nm3826838",15
"nm3827421",17
"nm1256602",74
"nm3557613",32
"nm2124254",16
"nm3351930",26
"nm1821102",45
"nm1285155",43
"nm0603890",56
"nm0005588",94
"nm3826585",11
"nm1553460",51
"nm3633814",17
"nm0051509",38
"nm2423358",14
"nm3872555",27
"nm2653929",23
"nm0279545",54
"nm9798289",9
"nm1344302",46
"nm3277599",34
"nm1236707",53
"nm0137140",72
"nm13203222",1
"nm10759476",4
"nm0669853",50
"nm0001541",36
"nm2077013",14
"nm1981893",61
"nm8925941",4
"nm12106490",1
"nm1232470",81
"nm0172557",40
"nm2194510",12
"nm5320755",29
"nm0205929",69
"nm0418544",48
"nm0047409",19
"nm2843759",28
"nm9696262",4
"nm0604989",81
"nm0568782",15
"nm0100866",63
"nm6293685",5
"nm10660262",4
"nm2326897",46
"nm8254574",3
"nm6178115",35
"nm12299234",2
"nm0024780",155
"nm0393953",129
"nm1717152",49
"nm1581662",35
"nm0970805",170
"nm9637974",6
"nm11203570",4
"nm11689649",5
"nm9606942",4
"nm12950877",1
"nm12950879",1
"nm12950880",1
"nm7185483",3
"nm12950881",1
"nm12950882",1
"nm12950883",1
"nm12950884",1
"nm12950885",1
"nm12950886",1
"nm12950887",1
"nm12950888",1
"nm0578202",10
"nm1984435",14
"nm12950889",1
"nm3214892",75
"nm12950890",1
"nm2423042",7
"nm5052065",20
"nm10399505",4
"nm3663196",14
"nm3174725",7
"nm0195421",55
"nm4576311",15
"nm10399506",3
"nm10772681",3
"nm5822012",3
"nm7756613",8
"nm10772682",7
"nm10772686",2
"nm5080141",2
"nm10772684",1
"nm10772685",2
"nm6668520",5
"nm0000138",50
"nm2225369",33
"nm0000658",94
"nm1706767",64
"nm0753314",39
"nm0000579",267
"nm2797744",22
"nm0004821",68
"nm0803037",47
"nm0002117",119
"nm0431451",140
"nm4150847",36
"nm0155693",81
"nm4745301",5
"nm0420915",2
"nm1653294",3
"nm0506630",9
"nm4380591",15
"nm2388297",5
"nm13199677",1
"nm0000173",91
"nm3616206",26
"nm3821405",34
"nm0001074",144
"nm0748270",225
"nm1489227",46
"nm2294405",22
"nm1706832",40
"nm0674052",89
"nm4317295",8
"nm0005350",68
"nm3796542",5
"nm10847160",5
"nm12881714",1
"nm13199835",1
"nm13198970",1
"nm12881731",1
"nm8640619",2
"nm13198971",1
"nm12881718",1
"nm12881715",1
"nm12676704",1
"nm13198972",1
"nm12881721",1
"nm13198973",1
"nm7908036",2
"nm12344778",1
"nm10440277",9
"nm3271473",37
"nm3093026",3
"nm0415529",65
"nm0000929",256
"nm2896901",29
"nm1332395",78
"nm1457082",13
"nm2997617",14
"nm5200757",33
"nm4771527",14
"nm5009268",10
"nm4137057",21
"nm6027977",26
"nm3239235",6
"nm8668978",10
"nm0140447",22
"nm11935518",5
"nm6543093",23
"nm0004715",122
"nm1946567",7
"nm0187719",91
"nm5555161",41
"nm0001724",106
"nm1635244",39
"nm0001103",60
"nm0119354",29
"nm1580911",58
"nm2336966",48
"nm0224007",424
"nm2326037",7
"nm2656974",35
"nm5195221",44
"nm8188622",19
"nm0269463",32
"nm0004937",85
"nm0000673",89
"nm0001497",53
"nm3886028",25
"nm1573892",34
"nm0628420",64
"nm2868110",58
"nm0771414",115
"nm0177896",66
"nm1913734",34
"nm0005460",113
"nm0693957",51
"nm0534132",204
"nm2167957",33
"nm1892299",45
"nm0064769",155
"nm0382110",104
"nm0000438",107
"nm8958770",13
"nm0231436",44
"nm13024041",1
"nm12793751",1
"nm2719825",26
"nm0617046",54
"nm2130040",72
"nm1655223",31
"nm8380423",2
"nm12027126",2
"nm6331776",7
"nm2247245",32
"nm5123156",37
"nm0578853",90
"nm1506981",11
"nm1685971",24
"nm4696728",24
"nm0790689",78
"nm0360598",8
"nm1693090",2
"nm4923574",5
"nm0072949",149
"nm0564500",67
"nm0927835",151
"nm0573406",55
"nm0046756",31
"nm4054611",5
"nm12373805",1
"nm1143816",45
"nm0242882",97
"nm7686302",10
"nm0143295",97
"nm3252387",30
"nm3809932",24
"nm5461686",23
"nm13055728",1
"nm4046518",23
"nm1865326",14
"nm1736370",32
"nm0460900",55
"nm13163017",1
"nm7258450",13
"nm2300772",11
"nm5306826",8
"nm9761039",7
"nm3615212",38
"nm12060367",3
"nm9216437",4
"nm2966929",10
"nm8779991",5
"nm5227952",11
"nm0528164",70
"nm4024978",33
"nm2676147",33
"nm3725055",38
"nm0000586",23
"nm0933727",130
"nm2255271",64
"nm5255496",8
"nm0726262",72
"nm3615382",44
"nm1668284",27
"nm2057853",29
"nm0814077",46
"nm1635257",7
"nm0000190",74
"nm0000702",31
"nm1812991",5
"nm5473782",28
"nm1134029",32
"nm0766837",80
"nm2003229",41
"nm0644406",136
"nm0125511",41
"nm7214498",40
"nm4004793",30
"nm0095104",90
"nm1214289",80
"nm0204919",69
"nm2605345",62
"nm0406975",82
"nm6170168",21
"nm6578548",10
"nm5391162",6
"nm0328828",51
"nm0487884",74
"nm11742393",1
"nm5906148",14
"nm0779785",39
"nm1527333",30
"nm5638960",13
"nm0117709",76
"nm2056274",59
"nm0101668",95
"nm1307435",46
"nm1584487",37
"nm0322407",106
"nm0577982",29
"nm0027215",90
"nm5090093",6
"nm9458718",7
"nm0402898",27
"nm0836954",61
"nm0859921",106
"nm5212070",17
"nm3711953",19
"nm7698748",6
"nm8126250",6
"nm0876645",64
"nm5613849",9
"nm8463983",6
"nm0039665",43
"nm5367371",2
"nm3651449",36
"nm1477818",45
"nm0629517",91
"nm11331875",3
"nm13240474",1
"nm8261525",8
"nm3811344",22
"nm1157048",73
"nm0001593",54
"nm12953790",1
"nm3843144",43
"nm0446257",91
"nm10577438",1
"nm0569226",166
"nm0000284",123
"nm0389507",45
"nm7150725",2
"nm0697637",39
"nm1795171",45
"nm0235948",31
"nm12321046",1
"nm0789892",59
"nm0899087",92
"nm3488369",30
"nm0246565",31
"nm0050210",68
"nm3729068",14
"nm0319843",85
"nm8013928",2
"nm9248109",10
"nm0349346",2
"nm6740010",16
