movie_ids.id.,video_ids.id.,viewCount,likeCount,favoriteCount,commentCount
tt9691136,d041Wa7LJfs,1952762,14624,0,2810
tt6571548,oM-Nw9XzqVM,2621254,58457,0,3092
tt6571548,35jJNyFuYKQ,4090044,70655,0,3522
tt13061914,mepeWor5JPk,7816473,8920,0,790
tt13061914,ecF50t2FHSA,283915,2281,0,180
tt13061914,btY3Lndc3_w,17911,17,0,5
tt13061914,CDQH0t6JiS4,2778690,38681,0,1291
tt3661210,JZQz0rkNajo,2354093,18435,0,1354
tt3661210,vlYkCIU202o,1070557,12914,0,430
tt10451914,u8ZsUivELbs,3599414,45934,0,2054
tt9691136,d041Wa7LJfs,1952764,14624,0,2810
tt6571548,oM-Nw9XzqVM,2621257,58457,0,3092
tt6571548,35jJNyFuYKQ,4090050,70655,0,3522
tt13061914,mepeWor5JPk,7816473,8920,0,790
tt13061914,ecF50t2FHSA,283915,2281,0,180
tt13061914,btY3Lndc3_w,17912,17,0,5
tt13061914,CDQH0t6JiS4,2778690,38681,0,1291
tt3661210,JZQz0rkNajo,2354094,18435,0,1354
tt3661210,vlYkCIU202o,1070557,12914,0,430
tt10451914,u8ZsUivELbs,3599418,45934,0,2054
tt10451914,iwYhA5YvdNc,1496964,17886,0,1226
tt6902332,lEBPNi4bEbc,4083592,22998,0,1778
tt6902332,GGut5VHeQEA,636325,3936,0,262
tt11268742,Zi6jogV6pLg,126232,1558,0,123
tt11268742,u2_S8ZLSD7g,150804,2734,0,85
tt8046498,K_psaWMw7wE,754733,7947,0,673
tt9608818,jvOX0J1Nwrw,923697,7417,0,294
tt9608818,Dw0vsihPcSU,99534,1473,0,11
tt9608818,DllUzIueITg,872841,14023,0,427
tt10661710,JHEU8myNazc,1144851,9408,0,585
tt9110170,lZSHoyjd8Oc,617089,5272,0,457
tt9110170,ccaNMcPqpQ0,7898740,96497,0,8088
tt6317656,3D0PlwGIyW0,397464,3700,0,385
tt6317656,q7eZEZHRrVg,562761,2686,0,306
tt6317656,CdpAKDi5KYU,29814,461,0,42
tt10016180,1HZAnkxdYuA,15787006,50153,0,4654
tt12676326,CGZmwsK58M8,4723038,124055,0,6108
tt12676326,7EfjneMZR5w,703743,13070,0,1301
tt12676326,DEcgPECb_js,54101,834,0,67
tt6857376,WgOlH7QqmSk,169945,1945,0,133
tt6857376,Iu0wX2xwDf0,798040,6537,0,248
tt6857376,6vQmIarcX94,1803238,7152,0,0
tt10333426,4cYsTrQQepo,2863891,44092,0,679
tt10333426,wVxwHalZgKE,128036,4649,0,349
tt9735470,lf5lYxE0c5c,40437694,64429,0,0
tt9735470,knPhaXYG4YA,425234,2462,0,202
tt9735470,dg0cQtVisLw,152861695,184631,0,0
tt2235372,9yesrYPzNnM,36381,500,0,42
tt2235372,c1w1ORu8Vmg,288873,4034,0,462
tt8110004,NTtUjKAGHqU,79869,452,0,38
tt8110004,40deUdulzAw,13391,32,0,1
tt4761112,sRSGg54yvjQ,3181480,36500,0,2135
tt4761112,7tmxxzZXLEM,6239837,6548,0,802
tt4761112,IH-h3h22Hck,694300,18155,0,1789
tt4761112,5WJSjln30BQ,300094,2943,0,178
tt7737640,0R_8pclwIqg,274993,1948,0,161
tt7737640,bfezS0sH8G8,843746,7368,0,349
tt7737640,nlrHaz8nVB4,99530,1119,0,46
tt3797512,yvmDgXfYPbA,599089,3335,0,539
tt3797512,ErO7VPKw-mI,498190,4119,0,165
tt10676012,2jPdejek5QA,5542400,216109,0,8450
tt10676012,Uj5jfBuMLGU,1592904,35309,0,1463
tt9738716,RhQu4tcHLeU,1591988,8660,0,938
tt10265034,sOw20FDNnHA,3611692,8163,0,794
tt10265034,_jR4f2_QVEU,503415,4834,0,288
tt8114980,0v27rfaoB2Y,2364292,40779,0,5487
tt11080108,ZOxsfKQWrUg,5466791,18756,0,980
tt11080108,ux_Mtg3BEW0,95535,1392,0,80
tt10037014,jFxOxLLzjG8,909671,4300,0,347
tt10037014,BUwd5M48vHc,418105,4890,0,157
tt10037014,J696fsocmaI,25926,61,0,6
tt9893250,D40uHmTSPew,3651293,49608,0,4402
tt9893250,lXrnUzP5Su0,1107216,10532,0,1308
tt9893250,oDsmrPySOh0,104152,504,0,85
tt8521736,05F8MmsiLQs,719650,7702,0,931
tt8521736,AkpsRCN-bSE,225346,2444,0,344
tt8521736,BP38lmpZk-A,78143,1292,0,79
tt8521736,oZvNVUsq0IM,8719,144,0,21
tt7937254,GpMP6Nh3FvU,8833780,262852,0,21441
tt8521718,USi-ppCfxEA,824620,10729,0,849
tt8521718,S5kZY80E_0M,484526,12209,0,902
tt9130508,rGeJ73yAAhQ,19259578,372495,0,10111
tt9130508,TR25aiSxuJY,483164,10165,0,395
tt9130508,uNuMH2i6wdI,10398786,132857,0,602
tt11459366,hXbzxDUys8M,25742,649,0,69
tt10793644,JarbtubycQg,443100,1741,0,86
tt10793644,YsMcckth7oU,1800237,2122,0,224
tt10793644,_BzIAbqS2gQ,101270,560,0,67
tt6432466,O8r80cNwqU8,376387,10359,0,299
tt6432466,Sf34qI1hjKU,1921576,40485,0,2952
tt6432466,LQlNtxurleo,38163981,2469,0,600
tt6802400,sY8gUtyeAKE,16707401,148522,0,15774
tt6802400,x5lrkdvEZGg,21974490,30467,0,4182
tt4823776,a2cowVH03Xo,846351,10494,0,1207
tt4823776,lOLvuGV-88o,31613621,767402,0,25305
tt4823776,neBkma9xtjM,2533883,49894,0,5397
tt2076822,rx6ZO3PovR0,552922,9663,0,405
tt2076822,nRf4ZgzHoVw,12229108,56373,0,4177
tt2076822,vWgGkpp5ReU,1102566,15336,0,872
tt2076822,vWgGkpp5ReU,1102604,15336,0,872
tt2076822,u-bBI7pQqh8,123552,1835,0,41
tt7638348,9mkiY-37OG4,5265129,46981,0,3808
tt2076822,vWgGkpp5ReU,1102604,15336,0,872
tt2076822,u-bBI7pQqh8,123552,1835,0,41
tt7638348,9mkiY-37OG4,5265129,46981,0,3808
tt7638348,Ve42txyaQJU,165771,1573,0,81
tt7638348,PGHD0bqjZWQ,435983,3872,0,356
tt7638348,Y6626nzUYJ4,216845,2143,0,106
tt7638348,3H85N1TcHaM,12476,424,0,207
tt10896398,f9wNafek7IY,2222096,51163,0,2644
tt10896398,dMnjT8yDr-U,609106,12460,0,1040
tt8521876,Y-3Vr8Ut8d0,1552269,13895,0,0
tt8521876,nlpylxXTSJI,83534,1474,0,52
tt8521876,nlpylxXTSJI,83534,1474,0,52
tt8521876,7viNG7pPm_A,2007041,39729,0,1141
tt8521876,irbp567v7J8,72800,1182,0,19
tt11762434,MNxsB6o6DJs,1985342,10655,0,2415
tt11762434,aWFUDiQE72w,667684,4062,0,857
tt3986420,pa5E4uA3ALY,55023796,665681,0,6133
tt12361974,vM-Bja2Gy04,29865402,635671,0,80683
tt12361974,ZrdQSAX2kyw,11702786,228841,0,24372
tt2677722,38sHr0D5mr8,21145956,257921,0,5257
tt2677722,Vct50JQORJU,635506,8667,0,1073
tt2677722,6OD7NQ7rc5U,66446,533,0,42
tt2677722,rTxobgjD3hE,193056,1454,0,146
tt9849004,fTgJx-zmpM0,4436170,100551,0,1952
tt9849004,ndXerJ9A0y8,3819946,41453,0,720
tt9849004,nagyNvw5Dmk,343742,2124,0,229
tt7888964,wZti8QKBWPo,17148675,277178,0,22473
tt7888964,1yBzIt_z8oY,44764090,603170,0,14912
tt7888964,AMptW7Ij7CI,8545300,197191,0,7768
tt7888964,qooWnw5rEcI,26797978,680030,0,19118
tt9684220,sqkqyRFZwbg,239443,16409,0,538
tt9684220,UjT9I6eb4p8,2083228,20492,0,1277
tt11263022,HJThAgic45Q,255432,773,0,93
tt11263022,s4M-pGqr9VU,422692,5935,0,347
tt11263022,LKW1TYC8_y0,74905,499,0,42
tt11263022,G0cnnX-pzXE,16285529,155583,0,8266
tt6588950,RxnkP0UthG8,100225,423,0,78
tt6588950,_D-NA21E7Sk,126749,1244,0,200
tt6588950,NOq8SmKliKE,8197,109,0,12
tt8846176,WZ3dgHqaw8U,1286773,26616,0,1343
tt8846176,LuiktqS_LsQ,46931,827,0,50
tt8846176,utFcqVy0FtI,135014,1792,0,159
tt9419056,NmQiJPLYzPI,13169755,107261,0,6780
tt2231874,LPr3N4AMXNQ,1903082,9409,0,121
tt11317142,8uT1M9WfqYA,326764,2784,0,145
tt11317142,Kh9ed_LeBr8,651975,5164,0,181
tt9664108,EwJkexUBSeg,1848438,10871,0,990
tt9664108,LgP6lkJYhmk,650782,8203,0,94
tt9664108,11wwx5VKThY,5213797,4190,0,571
tt10121392,qnx6-YLXFwg,4087618,52640,0,4052
tt10121392,eKQ9qJkHYcA,186958,2911,0,138
tt10121392,9wTVKzgHzE8,247868,2294,0,551
tt10121392,wvA7-neEwdM,784569,2197,0,0
tt13454122,1skdiP2c9Ls,289278,4565,0,0
tt8884906,JPgxeeDxHF8,19040,94,0,11
tt8884906,ObkWrfukomA,820328,3413,0,230
tt8884906,1W5BA0lDVLM,257394586,1504121,0,42686
tt8884906,j8ajuSJjQ6A,10792,71,0,14
tt13429362,l1EeY5lvIcg,107861,564,0,105
tt13429362,3Lqkfo7IymU,2015522,1827,0,249
tt13429362,U5TkDh5LB30,91603,349,0,32
tt13429362,7IaFE8LN7K0,8986,134,0,51
tt9203694,A_apvQkWsVY,3160590,39713,0,3605
tt9203694,bnJbqColjOA,732488,5174,0,622
tt7979580,_ak5dFt8Ar0,27437396,77266,0,7046
tt7979580,toBGv7yvIV8,7374604,49113,0,6243
tt10962368,HCAaonjgDEA,2815654,29569,0,1686
tt10962368,7mlugzz4H-s,165115,981,0,176
tt10962368,RbQYQQWEXug,531858,6727,0,220
tt0499097,e-rw2cxFVLg,9793780,37474,0,4274
tt0499097,kRpkRkO9KUI,22398797,14237,0,1600
tt4136456,LWA2r7X7z6Y,524856,3262,0,256
tt4136456,FllpiJ9OyHI,835556,4271,0,137
tt4136456,FllpiJ9OyHI,835564,4271,0,137
tt9173154,4fq_XZNpnyg,277773,1754,0,71
tt11083552,EFYEni2gsK0,32255626,138656,0,4830
tt11083552,my4eXuV0MbI,4908991,44653,0,2562
tt6060444,1zM3IpjY3CI,611746,6186,0,465
tt6060444,CU8Rpj5KFmc,37112,577,0,69
tt6060444,bypkUrC3NsM,46355,345,0,39
tt9224288,eFgjONcZHsw,446452,7515,0,684
tt9224288,Rlpm36Vi-3U,392025,5854,0,492
tt4779326,j7yt_6ypHXU,1561936,12596,0,617
tt4779326,Z2w3PV4j98Y,796644,4767,0,292
tt4779326,qP-7GNoDJ5c,86094050,1794019,0,48629
tt4779326,WHbU6s0jANc,72411846,1319926,0,41143
tt5688068,6JNIyuZJjdQ,277419,589,0,69
tt5688068,XhAXAhjZ8wg,188198,757,0,51
tt11111286,Htfy1mWI71Q,17030,39,0,2
tt11111286,Htfy1mWI71Q,17030,39,0,2
tt6341832,9SJm7fe4j3M,2005300,16583,0,215
tt6341832,8IqXgZd-P98,2246057,24374,0,1696
tt0993840,tI1JGPhYBS8,15372293,219664,0,21262
tt0993840,D0DF7ERYNd4,428446,6291,0,1107
tt3215824,sV6VNNjBkcE,11120874,51679,0,4274
tt3215824,kciXOTguPCs,3538458,15356,0,1304
tt6111574,J0hTmzISOlQ,4862352,69117,0,4142
tt6111574,v_0GJg_Jnlo,2275413,31408,0,2151
tt10342730,3Nwx6be__oU,4837913,200873,0,7396
tt10342730,gzy6ORqE9IY,14612115,47666,0,5388
tt10342730,g59R3fMnUuc,1633464,49502,0,2388
tt10342730,I-0Z5D7eRh8,466588,5225,0,362
tt10342730,liwRtvwlC1Y,1294270,10743,0,438
tt4669252,NVWjrbBv1qc,62685,1102,0,108
tt4669252,Vyby6ONXWiE,26060,448,0,352
tt8760280,jdv_PMffxyE,1565686,2730,0,215
tt8760280,2avRGHiIsrg,530187,8309,0,1
tt8760280,_MAPaYVR8Qw,138886,4834,0,190
tt8760280,d3ZLf_J_yso,247823,14807,0,472
tt10702148,hqmVhNb6Z18,122837,793,0,52
tt10702148,Bypy5782iUU,18524,142,0,15
tt10702148,FB7MrGJCDTw,4237,169,0,28
tt10702148,yyrTvpYvBek,3328,92,0,11
tt10702148,VLYZZIhcvO8,51969,474,0,44
tt10225926,jhm8Q8OPy3U,276525,2164,0,237
tt10225926,ix4btZPBTqs,54983,371,0,31
tt10225926,40v8d3EBaV0,71481,138,0,12
tt10225926,mt08ns_MkhI,16904,49,0,1
tt9883996,qh3c0mGsKkI,140694,741,0,66
tt9883996,nQoHaT3r4tc,15328415,740692,0,48008
tt9883996,VSOybientng,159616,724,0,65
tt8332922,BpdDN9d9Jio,18832221,122916,0,7573
tt8332922,RFyfGEoOGc4,3234741,32404,0,3157
tt3228774,gmRKv7n2If8,20817776,312426,0,33779
tt3228774,ON2_e1HB1JM,6526724,154944,0,2586
tt3228774,VKbJsznd7pg,750079,7443,0,287
tt10011320,SogJSMhPqI0,30147,355,0,178
tt10011320,GdSKR1nPwz4,25056,209,0,132
tt8372094,QYeElOeWz6M,36316632,355932,0,8812
tt8372094,EO_73BU0tYA,6577012,53993,0,1234
tt6384920,X9PF8bmrZ44,94371,515,0,53
tt6384920,fw35D3QKQJE,45282,314,0,49
tt6384920,3qfVQHNg9c4,3469,41,0,12
tt6384920,a2nlf3jTlxc,1271,14,0,1
tt10418662,2fuowcxdrYc,3396625,47862,0,4315
tt1321510,8HAR3QBuiiU,2736307,70502,0,4307
tt1321510,U0CL-ZSuCrQ,14143164,170516,0,11955
tt1321510,J7hAaak0QBs,1849422,22631,0,1495
tt6654210,_WWEOCQGxSw,15229688,158646,0,8017
tt8376234,euGHcnyUo84,12439080,20294,0,995
tt8376234,PWBcqCz7l_c,5191419,21389,0,1159
tt8376234,Gn0UIUg0qfk,312195,3524,0,0
tt5562070,uWIRyU5fuzU,1779717,31040,0,0
tt4876134,XaXanCUXnJM,2111897,15156,0,1589
tt7524444,U1rmjEn6wnQ,1613303,31795,0,1464
tt7524444,lyP5CHmWyP8,14592,85,0,7
tt8338076,KEGnA3VVvOU,496842,4696,0,378
tt8385148,9C0l31YcahQ,19336796,114870,0,3232
tt8385148,3Z2FxVT6LIE,3088842,80123,0,2839
tt8385148,6nhrko_4LJE,164543,2980,0,91
tt12801262,mYfJxlgR2jw,22801404,229897,0,11211
tt12801262,o9ywvVXa7K0,1691631,22105,0,659
tt12801262,3z6hlUMYUnQ,1364347,12824,0,364
tt4733624,T3mwUEoZdrI,2469672,53016,0,2178
tt4733624,3AImOf9Fuh4,1841903,46555,0,1556
tt4733624,RlSwsE22nX0,6804383,226160,0,22973
tt10719958,tRV8E1OC5jI,180585,752,0,134
tt10719958,qobig4uY740,82271,802,0,76
tt10741846,t84GEdvTLVQ,229282,800,0,60
tt10741846,ya1J_XmM9Bo,3212,67,0,14
tt8610436,6KkXcs8eBtk,403922,10580,0,393
tt8610436,b3Z0_H4sZcE,202947,4122,0,428
tt13016030,epUZZheLXuA,12736,128,0,6
tt13016030,tTmgnd7mCD0,7865,100,0,8
tt13016030,sCJ34nx68g4,338,8,0,0
tt11777510,lYUuqdhnvfU,42029,300,0,21
tt10837932,teQqYF_yDUc,16006,115,0,6
tt10837932,icPADF7YhBQ,176,5,0,0
tt10837932,8q5CEg54L-k,78,1,0,0
tt8231668,z_-_hIuE1YA,1793307,18154,0,615
tt8231668,xx4yXAnk3hU,224681,2359,0,86
tt5433138,aSiDu3Ywi8E,54342683,544747,0,37961
tt5433138,fEE4RO-_jug,48597212,302697,0,17827
tt5433138,Eumj0-UxrQM,1608693,32056,0,2468
tt5433138,UBC0sYjiFSM,73934,229,0,5
tt3758814,SHEPdMqrWjE,3014006,26567,0,1960
tt3758814,cSQjaS_kUPk,152219,569,0,49
tt3758814,x-BLaQwk7_Y,59512,744,0,112
tt3758814,_XfS6kjoM24,401093,2859,0,139
tt9288692,X0WzPQNIBJ4,4055085,6695,0,580
tt9288692,Kpj1VOJWf98,294914,4574,0,318
tt9288692,v6hjUfb7DjQ,88286,1554,0,135
tt10096842,5WtWjH8GGqE,689772,5029,0,303
tt10096842,HL2Q3rHvxew,837863,6349,0,290
tt10096842,I3ZjQqmhzhM,147858,1907,0,135
tt5078852,4op9-8fPjng,486328,5491,0,490
tt5078852,X8eAitGAZC8,11380,448,0,43
tt11383348,D0eF8P177fA,10551371,131440,0,816
tt11383348,EeaCZt31hVA,385903,11276,0,676
tt9124868,fvoXSHE2WpQ,131342,1398,0,34
tt9124868,H_Sh1eohJQs,256509,9655,0,566
tt9124868,H_Sh1eohJQs,256509,9655,0,566
tt9124868,fQJA70rOXrM,66448,1383,0,228
tt9124868,YGics-zZn9I,465581,15889,0,549
tt9124868,OJg1IOABGJQ,577936,31327,0,332
tt6733874,hu0O-q7Kf2k,1262984,26835,0,2489
tt6733874,S73kRXTjHCs,511633,12024,0,1054
tt5439812,zJ_tj4hjpuQ,4635251,117025,0,3392
tt5439812,ZKnUrhbKL6g,30596641,259278,0,6567
tt5439812,2x9vk8ss21A,14942734,197973,0,4379
tt5439812,kTwTWsw4rY4,66642375,559919,0,16121
tt11525644,7GRDLX3a-IE,7532350,5456,0,541
tt11525644,GIhZvO0bEIw,142308,2774,0,2
tt11525644,J-2icxJjilw,777657,10345,0,1011
tt11525644,LKF4JInfl3c,15667,23,0,7
tt11525644,tnEcmvortDM,82108,859,0,55
tt9777666,cd5wUPcZA2o,783880,10189,0,692
tt9777666,QPistcpGB8o,11159602,49641,0,6238
tt10327252,xOrXpK-rUaI,8786960,103553,0,13088
tt10327252,8OgIi5dyThs,558417,7914,0,403
tt10327252,RLJE_EX6ebc,526187,8839,0,1074
tt6566576,UyUuzCGblqc,6439569,54780,0,3194
tt6566576,H6ki652M0yA,94700,2430,0,204
tt6566576,1Wolc7fbQa4,35934,342,0,11
tt6566576,e69MvWv3ffY,26973,310,0,16
tt11422728,1-siC9cugqA,206169,3594,0,194
tt11422728,7rITd_tlRlw,87099,1102,0,67
tt11422728,U1Eg-vtSABE,6318350,5128,0,313
tt11804152,Xc22t-du_tw,18160076,328119,0,18507
tt11804152,XBgbBrxj2to,9334315,198577,0,12500
tt11804152,Wfmb1-UEpW4,954081,6150,0,456
tt10533804,DFF1eW8Yl0M,209749,3284,0,70
tt10533804,ZP-lWDAvMuw,245950,1747,0,336
tt10533804,2v4fIUF7jMo,91799,395,0,72
tt9701940,eR2KSY1fipo,944750,19240,0,1804
tt9701940,Y3tHbFTUf1g,177445,2843,0,210
tt8368408,yxuAroBqt2c,1807981,29562,0,3680
tt8368408,CIRmcgAeUUs,518730,6121,0,829
tt8368408,HL-77ffhyII,99929,1455,0,91
tt8368408,IFeT4cpVFqk,150300,3916,0,387
tt9844522,KlfUbZJVInA,12641745,42645,0,2824
tt9844522,vKaMhYrc0ro,298862,5026,0,383
tt9701942,dj3CXY8rKuY,749438,18368,0,1910
tt1697800,B1p7tbc6bjM,293243,2860,0,215
tt1697800,1kw7Nv1mIF8,705754,7129,0,320
tt1697800,zxle_inhC8I,8006,90,0,16
tt11003218,9uOCuPNkZ84,945069,15498,0,1802
tt12528166,oJUYwj3izT8,1178170,6884,0,1054
tt12528166,rJwnmC_TRRE,72699,450,0,96
tt12528166,T9YI7ji_JFM,9575,20,0,12
tt14512538,ihEEjwRlghQ,3925064,27465,0,2197
tt14512538,qbgKJPDo0tU,148721,3069,0,168
tt5246700,WJyyJ7lexnM,9912016,73549,0,6238
tt12851396,6H4Y21Hg2L8,1348694,39200,0,4223
tt12851396,NwTW4e-qc2k,282962,6617,0,0
tt8404256,q5BSp8tmoII,160007,1851,0,159
tt8404256,Vd2sm63Xwfw,6732035,30942,0,2479
tt10954652,A4U2pMRV9_k,31097022,222800,0,15967
tt10954652,L2omwm7L05Q,1722123,25166,0,1149
tt10954652,r7qovpFAGrQ,892173705,10085374,0,199786
tt10954652,AFIeaaT4V7M,6397316,28592,0,958
tt4651466,Q9hNIzP6ycM,1904627,6858,0,1202
tt4651466,w9fL4_wRdw8,113445,1505,0,39
tt10228134,3BSSoD73TSk,2509394,15089,0,1382
tt10228134,LlNT5VF_4Fo,2622728,33231,0,945
tt11656220,1pNN66fRumw,480002,2423,0,376
tt11656220,pDj0jgSEb2Y,346166,1835,0,174
tt11656220,vDhTKmqlRuk,2850,30,0,3
tt11656220,TFWZ4gcOL7k,76110,1220,0,108
tt6484398,HfXGnSj5ki8,27138,131,0,8
tt6484398,56figsjYR2Y,125620,1196,0,42
tt6484398,pjoChDiBqBY,121430,3437,0,172
tt14731254,YqNnhgEyQCU,2376054,8938,0,867
tt13622084,kDXerubF4I4,314134,5117,0,168
tt13622084,e14XoL2D99c,16213,303,0,15
tt13622084,UCsv5QlFo2Q,272177,4162,0,141
tt10696896,9cq1lPPeMUY,8900964,13335,0,1611
tt10696896,ioGtjEn35rM,194776,1779,0,194
tt10696896,orJnLVrYLqU,5793,64,0,8
tt10696896,zNaAsiYrp6w,2946,38,0,1
tt9243804,sS6ksY8xWCY,17645863,95391,0,8514
tt9243804,KLOVP257gdo,330164,2864,0,227
tt9243804,VoJc2tH3WBw,6219467,83550,0,7191
tt10451852,A73FnWETvr8,742359,5373,0,379
tt10451852,0v-1VpATuYw,229483,3742,0,143
tt14673560,2UzyQ8QdpAM,222357,508,0,24
tt14673560,GW2ZLuNWk7I,177150,1717,0,81
tt5554356,yeE4N-s9Tfk,34615,109,0,9
tt5554356,Tb8Yet2_OCo,3445,18,0,5
tt5554356,VQIIcFugrVo,10820,49,0,2
tt6461318,tUhmjmkLnxY,612072,9017,0,7
tt6461318,LWWrv_zgiKo,354834,2830,0,249
tt10388028,ez9cg-qK6-k,72220,336,0,76
tt10388028,ZjogdKObxrI,275279,1661,0,147
tt10388028,v4iic_UYyXM,10432,28,0,1
tt10388028,RQcsI3ENbas,2426,25,0,18
tt10388028,wscAFRrVY1c,138223,681,0,56
tt9598214,4ddHnrLFjBE,394573,5878,0,357
tt9598214,PgbZGTareX0,351616,3009,0,198
tt9598214,Bwhs1SpRO2s,577978,3589,0,141
tt9598214,r41GfPKHlyM,786529,18769,0,1238
tt9598214,1Z5fnwUmTSY,598882,18006,0,1701
tt11307724,uddPHOuQh7E,203900,986,0,201
tt11307724,7xTZbeMADOM,49143,281,0,30
tt11307724,citVtn9atEw,5416,88,0,14
tt11307724,Qwwm_oAGZCQ,7132,105,0,44
tt11307724,kkJ4I-SFpR4,47298,449,0,59
tt8371236,O1mKO0chHM8,47802,794,0,21
tt8371236,4mKs-WVpXMw,434669,3912,0,144
tt8371236,BpHhxM8fbZg,51037,688,0,14
tt13207508,kO8fTk6oKQg,68827858,1034469,0,31716
tt13207508,v76PeaerCfQ,87874,735,0,45
tt13207508,o1SPxWDzli4,507014,11035,0,217
tt12783454,5fKn0Dhj64w,7089028,193550,0,8268
tt12783454,AKBt_Z1ZFCo,569939,14578,0,375
tt12783454,JKEUKI3IuE0,615642,8733,0,519
tt13622168,Jl84s4renLY,21323,112,0,28
tt13622168,ytvXNa9FzFU,28261,303,0,104
tt13622168,u5poy192k2s,4733,27,0,26
tt2452150,lDgvYFY5OPU,6169539,153755,0,2607
tt2452150,qTtxoz3OIlU,7715952,51489,0,2562
tt2452150,A134hShx_gw,471997,6609,0,255
tt10230994,EPT_PNucTWE,2585137,33365,0,2727
tt10230994,IzzWZKGZtWg,36963,491,0,77
tt10230994,99xragsTx04,7644,416,0,42
tt11905538,89Gt4iHvdtA,18097,266,0,8
tt11905538,BB1QU_oI9Yc,770,18,0,5
tt11905538,x1wwZDZyI-g,11391,428,0,26
tt6079772,fSqa0a3mGk8,7908895,8990,0,640
tt6079772,uXesHx1xJt8,151961,1329,0,91
tt6079772,wujj1QTk5kY,828576,10479,0,655
tt6079772,3Pxd6uTtRZ8,787961,7515,0,424
tt10731768,HRwXWW6ATes,172343,2449,0,92
tt10731768,NiFuJV2GLkY,6147165,93889,0,4049
tt6714432,N52WkGK7EI8,1450638,20966,0,0
tt9731534,2Tshycci2ZA,5975475,16024,0,1120
tt9731534,40ub6aBk4fo,495423,5330,0,286
tt9731534,W8WQGXkif_s,5832939,5673,0,417
tt2304637,2D-3fxTLmS8,3946361,2197,0,237
tt2304637,bjPbO6b83YE,358013,2574,0,282
tt2304637,9Pwxkz2uQcY,59683,665,0,0
tt13622118,sMk2K_x956M,123381,1306,0,111
tt13622118,qABQ-xbfPPc,23845,389,0,37
tt11788956,Lln4AvhaeP4,10084799,275004,0,15145
tt11788956,3dNItD-TO_0,2244248,21559,0,958
tt11788956,9Ud-3_ncZ_c,2516442,22665,0,1029
tt11788956,0PMKa3s2xp8,22537553,434789,0,6016
tt11657662,J365hQpaWRw,2236761,68224,0,3538
tt11657662,83o8_ZuKMik,1312629,56924,0,4028
tt9347730,ei5ztcz058o,444786,7621,0,525
tt9347730,TPBH3XO8YEU,30282837,82238,0,8382
tt9347730,P6-UVpZpBYQ,546566,9570,0,608
tt9347730,zJ8I3aMjZ9Q,183329,2681,0,216
tt3626476,rUqwLtFUx7w,1257895,16479,0,995
tt3626476,1cKWKyh6d1k,266797,3861,0,328
tt3626476,dnZ0tgxdPls,135799,3208,0,81
tt3626476,ljjURjvPcCc,168930,2277,0,199
tt4590256,XqTPaRz8Nx8,4616106,88493,0,12132
tt4590256,j24fHzwn-gY,2189603,45733,0,1580
tt4590256,Cfr79GOEn2I,266720,7756,0,470
tt13507778,JrdsHtDBPj4,222665,1732,0,231
tt13507778,gPFN2rvJOp0,382632,3632,0,502
tt10430850,NNN7D3AKVT0,160878,1149,0,130
tt10430850,szE47rZ3dXo,89534,215,0,21
tt11742798,kFIbSnJ9tQM,2901737,69744,0,1911
tt11742798,IjqusX2jMiU,171950,2201,0,130
tt8009744,OOAemeB9CAw,896821,9201,0,554
tt8009744,hR7muWnjSR4,43340310,365542,0,4370
tt8009744,jAeA820SZig,114119,859,0,123
tt10207710,IlriW4xY64o,2039019,14916,0,492
tt10207710,4MDWQyp-46w,717819,6918,0,383
tt10207710,dhzRU54jQtk,147532,774,0,89
tt11433048,ou6hNBf8FKI,131964,495,0,29
tt11433048,_63LAQByXiU,625966,4020,0,349
tt11433048,5sb1fhODsrY,6516,44,0,1
tt13363828,TcmfY_ApDxU,181428,999,0,324
tt13363828,zUMFM_p4ZwU,65779,529,0,106
tt13363828,hpc1KSIabvc,25756,92,0,21
tt13363828,EfQheYrV2MM,7519,191,0,96
tt7737528,MysGjRS9jFU,3211645,53594,0,4253
tt8635092,CpOeZw7xdfI,3195301,37162,0,2308
tt8635092,tRT91PT_9EU,186489,4956,0,347
tt11196036,7RvVT1cDiNc,3982161,5506,0,743
tt11196036,zia6QXtrEJI,170779,1973,0,233
tt7638556,WcI1EKE01S0,644014,6700,0,0
tt7638556,MqWZfLA1Sgs,168287,3576,0,531
tt11235772,_fiCdELSwwI,2939678,15910,0,1092
tt11235772,_fiCdELSwwI,2939681,15910,0,1092
tt11235772,UB9F2eKvbVM,55054,483,0,43
tt11235772,DtaNXI1xrVs,55843,1079,0,65
tt11235772,DLiwmt-kKf8,100781,1359,0,72
tt14031338,NWga6ES5znU,248614,3435,0,112
tt14031338,v-EHtvr2iR8,2068,48,0,6
tt14031338,gemtOrb4xEQ,1050917,45357,0,1230
tt14031338,AYRZupz6rdw,8530329,297945,0,45356
tt14769324,Ao9IxgtRXyE,10209,89,0,6
tt11833710,QBDVS3HzToc,212806,599,0,67
tt11833710,YgGiZtwbZQY,3470354,106003,0,5034
tt13234058,v34mxCjuYYA,346817,2414,0,149
tt10521144,aQO16k5Vdow,2841467,46839,0,1415
tt10521144,yRl4qMeL3cY,15561,157,0,0
tt5164438,fYyImx_KXm4,2243711,40664,0,1634
tt5164438,p5_aOUBUXP8,870637,10536,0,797
tt5164438,wZplSP1wFhw,1966,56,0,8
tt9115530,eMMLRnXPPJk,5427015,14917,0,1731
tt9115530,nDO2oXAgQbI,383028,4463,0,515
tt9115530,cO1LgR3o15A,145027,1509,0,190
tt5748448,ezHiQwwzEjU,1257612,8493,0,407
tt5748448,9YOg-TyNR4g,233567,2120,0,97
tt5748448,9g_IQTLoUgg,697819,4194,0,444
tt5748448,B80JNsziLHk,25521,226,0,9
tt6372694,CeIfnDc0jvA,912648,7556,0,701
tt6372694,0NPrXcIDnQA,246786,1478,0,166
tt6372694,plV5VXWQbX4,56421,580,0,77
tt6372694,NWwzX69t3Mc,299277,948,0,88
tt10339052,bOGOhGgmHRI,811514,8349,0,476
tt10339052,eLoImpAr9fA,234154,2523,0,154
tt11826450,Hjh92f8Faxs,103796,523,0,38
tt11826450,ZgIpY_oW7IA,18329,152,0,11
tt11826450,uQwV8eYM8WM,375461,17786,0,665
tt11092594,Uh4r95VBU2Q,51333,707,0,39
tt11092594,L3u98p8PDlc,29238,953,0,141
tt11092594,WZOfYTOtfig,11024,139,0,8
tt8906722,MWAZWsfUXpY,52760,158,0,64
tt8906722,HI1XGFx4Vbc,84216,364,0,121
tt8906722,Kglfokr8KDw,9534,204,0,12
tt8906722,UCoPwmC9lNs,23769,641,0,198
tt5563324,tAJVDe205tY,2262227,15927,0,837
tt5563324,S4TBHZ2pPiE,156613,767,0,101
tt5563324,BVhzidqzYwM,995677,4129,0,312
tt10101702,Pa_PRDVpjSk,1303972,32369,0,0
tt9357050,g_c_Jd-hP-s,22517486,120307,0,9753
tt9357050,h9rf5wFq3zk,3199554,61786,0,2053
tt9357050,kRSsnB1amgk,2008705,64019,0,2441
tt9421570,NaB_ERMAZu4,5853156,101292,0,6379
tt9421570,oCvIPpBiY34,86965,1540,0,177
tt11771006,kC2BawGi6EM,2693139,17721,0,726
tt11771006,rX40mBb8bkU,6511966,93402,0,3603
tt13069986,NYdNN6C9hfI,6285768,94274,0,2506
tt13069986,3OHPCurXcTU,2469427,45975,0,989
tt13069986,HXziHr0QfFQ,2048183,38296,0,1980
tt7097896,eUkslWrf1Ds,1791064,40787,0,2207
tt7097896,q8O-0zZn6_w,9225063,289073,0,16034
tt13372992,m1DQx4Z-QPU,182378,1149,0,102
tt13372992,2sWWeyvTz54,24039,311,0,21
tt13372992,cX8tE5XBVkE,1310557,953,0,52
tt13372884,iuXnGbxTxDE,274815,1574,0,292
tt13372884,OMFkDz_jIQ8,82984,1473,0,120
tt12731980,BZc4PVVd-0w,1508295,15903,0,1813
tt12731980,PD3e1K1YPus,33900,265,0,56
tt8150814,IdZ43OuZXjQ,1682350,27923,0,1366
tt8150814,eRohe3lUxoc,163100,1557,0,329
tt2382320,BboMpayJomw,64222803,2100156,0,105115
tt2382320,GB_S2qFh5lU,111240513,2366320,0,126014
tt2382320,2I1ZU5g1QNo,35651270,1088508,0,50951
tt2382320,pkEa3TwTEUA,11792896,172080,0,5145
tt2382320,s-ltmarIBP8,10777945,540708,0,20561
tt11284502,74nTzbgDGWM,6501085,85296,0,788
tt11284502,baOhvhR8p8k,398270,5997,0,511
tt11284502,8F1FBZvBPNg,162119,2028,0,160
tt13372794,kKIhdhesFTk,429676,2256,0,227
tt13372794,MbhxfGQPR3g,218415,2723,0,100
tt13372794,6Gv2doMR4r8,440003,6081,0,209
tt13372944,AHdovx1rB3U,281796,2693,0,117
tt13372944,GNusqV6dUfY,119966,596,0,60
tt13372944,94io2X_HAtY,66165033,924781,0,16550
tt15385930,CdR_o-y8GLA,2180594,5334,0,308
tt4244994,mgygUwPJvYk,8797037,59316,0,6331
tt4244994,OTdr1Ik8SMc,3972264,25592,0,3913
tt4244994,sJBiDvPEAV0,251416,5892,0,940
tt14030526,pSJey-ieiU0,375645,2094,0,192
tt14030526,0MLRcsjfLsE,882139,19875,0,2429
tt14030526,8aHkihCdQGk,2693964,59389,0,7256
tt7230750,uxA3jPaftok,1517793,17364,0,1195
tt10763820,ZNu-G-rd4H4,2020833,38862,0,1767
tt10763820,f5L647uBYQA,100570,1501,0,66
tt10763820,1mHuB6KwtIs,291533,3456,0,253
tt1160419,8g18jFHCLXk,30096428,416261,0,35631
tt1160419,uTmBeR32GRA,3580838,60718,0,4128
tt1160419,LvN7Wpnt28I,614778,21455,0,2800
tt1160419,n9xhJrPXop4,40053135,653769,0,68342
tt7504818,8I8nMtzN05s,10348607,42119,0,2402
tt7504818,fCqGfjBSk0I,3080936,28386,0,2165
tt7504818,H4S3K1VTr8I,3288940,251433,0,23939
tt8847712,TcPk2p0Zaw4,7244115,98926,0,4915
tt8847712,w1GFLATs2Qw,297115,3674,0,173
tt8847712,nhNP2IC4c1o,150566,3860,0,169
tt8847712,nhNP2IC4c1o,150566,3860,0,169
tt8847712,jvc115GGCSM,1089367,15705,0,741
tt10696784,Poc55U2RPMw,2710840,41636,0,5076
tt10696784,pKz5kZr8mrg,3807671,76931,0,8523
tt10696784,qe2tqZtvKO8,59043,971,0,184
tt10687506,xzDr_tbL-es,2187831,6636,0,383
tt10687506,XEnTW8jaXVA,224061,1305,0,59
tt10687506,F6Z-rEQCXhY,5060,116,0,0
tt10687506,LB9iZbuWULY,128935,1867,0,107
tt8956324,EokEfZ8r9w0,6532684,76904,0,2808
tt8956324,lS-dcGGtm7Y,343414,9485,0,389
tt8956324,zjw6KczssI8,7097701,28889,0,300
tt8893974,trwq3CNCMkU,1342356,23979,0,2366
tt8893974,fvw7Q2eTR5I,648132,26239,0,2445
tt8893974,G-gYowNiPyE,100043,2317,0,239
tt8893974,dtqgq8sIQs0,52373,777,0,63
tt12383460,eHsWYmnXk1o,3151036,52283,0,2463
tt7740510,ng5eyOfL8qM,5575933,47112,0,5189
tt7740510,0rM5WnicOAE,1935593,24592,0,1809
tt7740510,2aiYxwVuZ1o,2215395,11021,0,1141
tt13024674,Ith2WetKXlg,2945810,46064,0,2273
tt13024674,OdbXnboJCVw,3579838,87863,0,4030
tt10515988,PENg4SbUAN0,991381,9718,0,1105
tt10515988,DuunLbnTh6c,189601,2160,0,254
tt10515988,X2CpSVG3_34,94613,1052,0,195
tt7991608,Pj0wz7zu3Ms,6029080,93311,0,4607
tt7991608,uKaWIwGc-j8,526425,9875,0,393
tt7991608,T6l3mM7AWew,6023019,148285,0,5438
tt7991608,rqRQzzQnixM,287913,4994,0,151
tt3420504,Gd7ebz9I08c,214967,1969,0,155
tt12536294,WllZh9aekDg,13091800,39134,0,2575
tt12536294,Lagauhb5GyY,2703394,34539,0,2421
tt12536294,cf42opKuvPE,128194586,968744,0,20971
tt10752004,3boMRfx6cjE,6774646,163217,0,4759
tt10752004,WdG6voWaDaU,149535,2401,0,116
tt8721424,YJserno8tyU,5102549,125021,0,4246
tt8721424,utc2a3tSA7c,512508,13633,0,407
tt8721424,khymEL5Ezpg,212961,3634,0,313
tt11012066,2BkVf2voCr0,4718885,34243,0,19194
tt11012066,Gmrh42foUsg,27731369,214433,0,8411
tt11012066,eYtIRFTjYJQ,267176,2863,0,1623
tt10293406,LRDPo0CHrko,1976595,12280,0,1100
tt10293406,XpeNijmeVeY,197031,3883,0,454
tt10293406,ELvKuuXdfCU,2924693,33222,0,2437
tt8310474,EMu8K0l8ggA,1579012,25553,0,2475
tt8310474,l1I_OukoaJU,257841,3049,0,398
tt8310474,sSAA_KmuC5E,62350872,554067,0,8634
tt8310474,yq3Z9msqnOg,5382619,73530,0,2384
tt14731142,CfXzd8fgy6Q,2393989,63538,0,2263
tt14731142,ro8ogHMnxlg,78371,1126,0,79
tt4513678,ahZFCF--uRY,23540635,448679,0,43835
tt4513678,xaG_5ZZ2PyM,6480785,137246,0,11190
tt4513678,G_ua10EMbSg,3583281,24771,0,3545
tt4513678,JH6u_033YBA,1619754,25222,0,2922
tt8241000,7BY9ElqknCU,996914,37701,0,1964
tt8241000,bk0Q-zuUFfc,274343,1163,0,171
tt8241000,2GawNVPyoro,687852,21943,0,1107
tt8241000,4ulFkSR75po,165066,718,0,0
tt13432484,RHje2IaqZGg,599993,1401,0,221
tt13432484,Wx31b5I-1DM,346073,2541,0,232
tt13432484,UUIzyl4_DZw,8552,30,0,8
tt11214590,pGi3Bgn7U5U,15830036,126721,0,7453
tt11214590,eGNnpVKxV6s,8592809,44107,0,2828
tt11214590,EFTJtAwsVfY,393581,5805,0,408
tt11214590,xIJ-m5cBHzY,172139,1409,0,152
tt11233960,JNUjx7LZoiU,8061431,99474,0,6384
tt11233960,WZWaozzM9Pk,567582,4861,0,584
tt11233960,u3KIjukLIzU,118079,1104,0,103
tt6920084,4q6UGCyHZCI,13536466,120540,0,23884
tt6920084,zE__yt-thQM,401751,6334,0,1200
tt6920084,7HIEND2U-qM,770224,8948,0,2280
tt6920084,kte469R0qMQ,200434,2045,0,155
tt11540284,CI-YWRK0VPo,706988,7561,0,693
tt11540284,MrOGBN1q4QI,49217,721,0,46
tt11540284,3EqkbdrLcPs,11072,96,0,9
tt11271038,ofnXPwUPENo,7938253,38738,0,3597
tt11271038,Dt2QeHRE6Vo,58472,549,0,67
tt11271038,OHHNJR5V5Go,39104,266,0,63
tt14315756,kCQxxqdowOg,1456101,38648,0,1740
tt14315756,al-eEIu1clY,176774,2253,0,161
tt14315756,TxKRO_Raw_4,20190,786,0,0
tt13575806,dDNhtB7L8Lk,2104387,43584,0,1978
tt13575806,7PxRHBCHaF8,1234425,12121,0,733
tt12800524,SB44bZVe-c4,2061089,7394,0,629
tt1587420,IAxDaDw7TfM,397052,6731,0,0
tt1587420,9bf2vh9kQ84,1125145,12516,0,237
tt1587420,Q3R-zuX3CJ4,35403760,834247,0,21061
tt3581652,A5GJLwWiYSg,8347887,64198,0,5869
tt3581652,h8k-W9aOycA,135293,2020,0,139
tt11286314,RbIxYm3mKzI,14871355,256518,0,17905
tt11286314,I9X7IvRgBdU,349543,3679,0,388
tt11286314,SL9aJcqrtnw,15162327,270258,0,17683
tt4995540,WvrjCdtB0zM,6050136,9869,0,2040
tt4995540,QT544Y0yhIg,3378749,6686,0,1075
tt4995540,TicuxCiEy9A,417915,4588,0,584
tt4995540,UyldUjIL7jM,309648,5054,0,753
tt8718158,0D2sJiseGQA,881760,14645,0,750
tt8718158,0nlwvQ3GC64,776352,13665,0,490
tt8337158,h3zG5OLexjg,463601,5054,0,315
tt8337158,KyQZ4pmTh6I,567608,4923,0,112
tt8337158,KyQZ4pmTh6I,567730,4925,0,112
tt10872600,JfVOs4VSpmA,70717213,2892083,0,180918
tt10872600,6Vnu5U1f17U,4050258,96903,0,6768
tt10872600,7w_w10HVa54,2670210,56730,0,3479
tt10872600,rt-2cxAiPJk,82541703,2995123,0,176116
tt7740496,Q81Yf46Oj3s,13695926,15162,0,898
tt7740496,k-qVV8zyVmI,7823031,20065,0,1321
tt9100054,xNq9YOfL0Zs,2414336,26298,0,1229
tt9100054,oPDR3JcykaM,22519,299,0,18
tt9100054,2RJh_pP37vk,731097,7282,0,300
tt12889404,5e8apSFDXsQ,6268596,29334,0,1960
tt12889404,qEoe1GMgmTI,115671,1909,0,224
tt12889404,PMVrWMzpzMU,517230,5596,0,443
tt12889404,fOInHcgmKus,905332,1047,0,182
tt12889404,LKOAvmKpvQA,78604,1145,0,614
tt13207508,kO8fTk6oKQg,68828335,1034477,0,31716
tt13207508,v76PeaerCfQ,87879,735,0,45
tt13207508,o1SPxWDzli4,507133,11038,0,217
tt3108894,5-DS9vtLeEs,3206382,5416,0,413
tt3108894,4gOpoLJying,198074,2035,0,144
tt3108894,ViLwBoUg_1E,89837,719,0,61
tt13029044,rrdVO-_W3d0,452108,2794,0,919
tt13029044,JRl214mDZ-g,659694,3289,0,537
tt6467266,EPZu5MA2uqI,23650034,175372,0,0
tt6467266,AAnkc01ITpw,9071960,92042,0,0
tt6856242,5zdBG-iGfes,14823100,262602,0,9072
tt6856242,s2yvVDF-Pyc,1445554,33912,0,1620
tt6856242,_0vKejp3rvA,1305811,24744,0,680
tt6856242,ebffrCkW-Dw,348853,5250,0,227
tt6856242,JkYcCyvYBPk,1130450,15020,0,1568
tt10095582,HM3hsVrBMA4,1956222,33613,0,1077
tt10095582,8pVjNOVHr3k,181046,1434,0,362
tt10095582,EUc3ZJAPK18,437418,6410,0,812
tt10095582,R4QuYWz84Ck,489499,5471,0,631
tt11729298,_6rn-6lKBJ8,828333,4213,0,413
tt11729298,koqQnyGeKbs,1030565,14125,0,1793
tt11729298,GX8rR_kewVQ,41742,498,0,54
tt11729298,CZRlQ97Z1vw,14907,107,0,36
tt11729298,ONvryehEExk,98014,905,0,137
